{
"type": "FeatureCollection",
"name": "municipios_31_wgs84",
"crs": { "type": "name", "properties": { "name": "urn:ogc:def:crs:OGC:1.3:CRS84" } },
"features": [
{ "type": "Feature", "properties": { "GID_2": "COL.13.1_2", "GID_0": "COL", "COUNTRY": "Colombia", "GID_1": "COL.13_2", "NAME_1": "Chocó", "NL_NAME_1": "NA", "NAME_2": "Acandí", "VARNAME_2": "NA", "NL_NAME_2": "NA", "TYPE_2": "Municipio", "ENGTYPE_2": "Municipality", "CC_2": "NA", "HASC_2": "CO.CH.AC", "ppt_mean": 3246.6559684608537, "rad_mean": 4.7555327326429344, "elev_mean": 213.42117396506868, "elev_max": 1330.0, "pend_mean": 9.4697281538493705, "pot_kw_count": null, "pot_kw_sum": null, "pot_kw_mean": null, "salto_m_count": null, "salto_m_sum": null, "salto_m_mean": null, "DIS_AV_CMS_count": null, "DIS_AV_CMS_sum": null, "DIS_AV_CMS_mean": null, "nombre": "Acandí", "rios_pch": "Río Tolo; Río Acandí; Río Neca; Río Guati; Rìo Tolo; Río Acandiseco; Río Brazo Seco; Río Acamaiseco; Río Jerónimo; Río Muerto", "n_rios": 17, "pch_mw": 0.0, "vocacion": "PCH + Solar" }, "geometry": { "type": "MultiPolygon", "coordinates": [ [ [ [ -77.0791, 8.3177 ], [ -77.0798, 8.3144 ], [ -77.082, 8.3128 ], [ -77.0815, 8.3109 ], [ -77.0892, 8.3064 ], [ -77.0917, 8.3075 ], [ -77.0934, 8.3065 ], [ -77.0943, 8.3095 ], [ -77.0954, 8.3081 ], [ -77.097, 8.3107 ], [ -77.0974, 8.3229 ], [ -77.0998, 8.3219 ], [ -77.1026, 8.3229 ], [ -77.1056, 8.3286 ], [ -77.1084, 8.3291 ], [ -77.117, 8.3396 ], [ -77.1207, 8.3417 ], [ -77.1242, 8.349 ], [ -77.1301, 8.3502 ], [ -77.133, 8.3474 ], [ -77.1433, 8.3033 ], [ -77.1493, 8.2995 ], [ -77.156, 8.2886 ], [ -77.1564, 8.2842 ], [ -77.1804, 8.2871 ], [ -77.1843, 8.2896 ], [ -77.1937, 8.2862 ], [ -77.1966, 8.2914 ], [ -77.2037, 8.2931 ], [ -77.2108, 8.2907 ], [ -77.2188, 8.2851 ], [ -77.2186, 8.2894 ], [ -77.2216, 8.2936 ], [ -77.2304, 8.2876 ], [ -77.2304, 8.284 ], [ -77.2323, 8.2849 ], [ -77.2405, 8.2742 ], [ -77.2425, 8.2747 ], [ -77.2471, 8.2704 ], [ -77.2504, 8.2724 ], [ -77.2556, 8.27 ], [ -77.257, 8.2721 ], [ -77.2627, 8.272 ], [ -77.2656, 8.2697 ], [ -77.2707, 8.2706 ], [ -77.272, 8.2736 ], [ -77.276, 8.2751 ], [ -77.2833, 8.2725 ], [ -77.2924, 8.2733 ], [ -77.3051, 8.2815 ], [ -77.3222, 8.2852 ], [ -77.3227, 8.2967 ], [ -77.3342, 8.3126 ], [ -77.334, 8.3399 ], [ -77.3383, 8.3539 ], [ -77.333, 8.3669 ], [ -77.3355, 8.3739 ], [ -77.3432, 8.3833 ], [ -77.3426, 8.4027 ], [ -77.3473, 8.4116 ], [ -77.3699, 8.4396 ], [ -77.3872, 8.4677 ], [ -77.3927, 8.4736 ], [ -77.4029, 8.4782 ], [ -77.4294, 8.4799 ], [ -77.436, 8.4782 ], [ -77.4422, 8.4849 ], [ -77.443, 8.495 ], [ -77.4459, 8.5012 ], [ -77.4432, 8.5137 ], [ -77.4319, 8.5271 ], [ -77.4279, 8.5371 ], [ -77.4259, 8.548 ], [ -77.4279, 8.5588 ], [ -77.4067, 8.57 ], [ -77.3944, 8.5802 ], [ -77.39, 8.5866 ], [ -77.3872, 8.5973 ], [ -77.3909, 8.6071 ], [ -77.3968, 8.6139 ], [ -77.3949, 8.6214 ], [ -77.3954, 8.6374 ], [ -77.3914, 8.6394 ], [ -77.3731, 8.6426 ], [ -77.368, 8.6469 ], [ -77.361, 8.6571 ], [ -77.3543, 8.6579 ], [ -77.354, 8.6557 ], [ -77.344, 8.6457 ], [ -77.3468, 8.6343 ], [ -77.3443, 8.6301 ], [ -77.3424, 8.6299 ], [ -77.3424, 8.6251 ], [ -77.3313, 8.6212 ], [ -77.3297, 8.6194 ], [ -77.3249, 8.6221 ], [ -77.3249, 8.6188 ], [ -77.3285, 8.6154 ], [ -77.3238, 8.6129 ], [ -77.321, 8.601 ], [ -77.3093, 8.5946 ], [ -77.3087, 8.5874 ], [ -77.306, 8.5857 ], [ -77.3026, 8.5863 ], [ -77.2988, 8.5829 ], [ -77.2943, 8.5774 ], [ -77.2935, 8.5724 ], [ -77.2913, 8.5732 ], [ -77.291, 8.5754 ], [ -77.2887, 8.5754 ], [ -77.289, 8.5726 ], [ -77.2868, 8.5721 ], [ -77.2843, 8.5679 ], [ -77.2854, 8.5638 ], [ -77.2799, 8.5607 ], [ -77.2796, 8.5576 ], [ -77.2763, 8.554 ], [ -77.2774, 8.5518 ], [ -77.2757, 8.5432 ], [ -77.2774, 8.5374 ], [ -77.2688, 8.5268 ], [ -77.2704, 8.5249 ], [ -77.2704, 8.5213 ], [ -77.2685, 8.5179 ], [ -77.2708, 8.518 ], [ -77.2737, 8.5143 ], [ -77.2774, 8.516 ], [ -77.2785, 8.5151 ], [ -77.2746, 8.5126 ], [ -77.2757, 8.5107 ], [ -77.2749, 8.5046 ], [ -77.2663, 8.4968 ], [ -77.2685, 8.4926 ], [ -77.2654, 8.4935 ], [ -77.2632, 8.4965 ], [ -77.2535, 8.4918 ], [ -77.2518, 8.489 ], [ -77.2529, 8.4874 ], [ -77.2521, 8.4846 ], [ -77.2504, 8.4838 ], [ -77.2515, 8.4807 ], [ -77.2485, 8.4715 ], [ -77.2101, 8.4488 ], [ -77.1896, 8.4376 ], [ -77.1757, 8.4337 ], [ -77.1665, 8.4337 ], [ -77.1637, 8.4379 ], [ -77.1618, 8.4341 ], [ -77.1646, 8.4315 ], [ -77.1612, 8.4274 ], [ -77.159, 8.4271 ], [ -77.1562, 8.4224 ], [ -77.1549, 8.4227 ], [ -77.1554, 8.4204 ], [ -77.1505, 8.4198 ], [ -77.1496, 8.4213 ], [ -77.1474, 8.4168 ], [ -77.139, 8.4151 ], [ -77.1353, 8.4162 ], [ -77.1343, 8.4115 ], [ -77.1301, 8.4121 ], [ -77.1274, 8.396 ], [ -77.1254, 8.3935 ], [ -77.1221, 8.3929 ], [ -77.1199, 8.3878 ], [ -77.1147, 8.3874 ], [ -77.1109, 8.3794 ], [ -77.1143, 8.3804 ], [ -77.1183, 8.3764 ], [ -77.1176, 8.371 ], [ -77.1135, 8.3663 ], [ -77.109, 8.364 ], [ -77.1074, 8.3571 ], [ -77.1043, 8.3537 ], [ -77.0983, 8.3512 ], [ -77.0946, 8.3471 ], [ -77.0943, 8.3407 ], [ -77.0874, 8.3293 ], [ -77.0768, 8.3253 ], [ -77.0754, 8.3204 ], [ -77.0791, 8.3177 ] ] ], [ [ [ -77.3107, 8.5965 ], [ -77.3118, 8.5965 ], [ -77.3121, 8.5974 ], [ -77.3104, 8.5971 ], [ -77.3107, 8.5965 ] ] ] ] } },
{ "type": "Feature", "properties": { "GID_2": "COL.13.2_2", "GID_0": "COL", "COUNTRY": "Colombia", "GID_1": "COL.13_2", "NAME_1": "Chocó", "NL_NAME_1": "NA", "NAME_2": "AltoBaudó", "VARNAME_2": "PiedePato", "NL_NAME_2": "NA", "TYPE_2": "Municipio", "ENGTYPE_2": "Municipality", "CC_2": "NA", "HASC_2": "CO.CH.AL", "ppt_mean": 7051.1931392027163, "rad_mean": 3.4428374512891264, "elev_mean": 213.07008138864555, "elev_max": 895.0, "pend_mean": 8.8819383819413282, "pot_kw_count": 29, "pot_kw_sum": 566818.44301799999, "pot_kw_mean": 19545.463552000001, "salto_m_count": 29, "salto_m_sum": 1270.0, "salto_m_mean": 43.793103, "DIS_AV_CMS_count": 29, "DIS_AV_CMS_sum": 1571.653, "DIS_AV_CMS_mean": 54.194931, "nombre": "Alto Baudó", "rios_pch": "Río Baudó; Río Cugucho; Río Nauca; Río Amporá; Río Urudó; Río Condotico; Río Condoto; Río Berreberre; Río Partadó; Río Jengaró", "n_rios": 16, "pch_mw": 566.8, "vocacion": "PCH" }, "geometry": { "type": "MultiPolygon", "coordinates": [ [ [ [ -77.2939, 6.0014 ], [ -77.2896, 6.0052 ], [ -77.285, 6.0159 ], [ -77.2844, 6.0258 ], [ -77.2919, 6.0322 ], [ -77.3015, 6.0331 ], [ -77.3026, 6.0344 ], [ -77.3016, 6.0415 ], [ -77.2995, 6.0444 ], [ -77.2937, 6.047 ], [ -77.2915, 6.0525 ], [ -77.2871, 6.0512 ], [ -77.2805, 6.0538 ], [ -77.2773, 6.0522 ], [ -77.2749, 6.0483 ], [ -77.2747, 6.0431 ], [ -77.2711, 6.0408 ], [ -77.2697, 6.0366 ], [ -77.2722, 6.0257 ], [ -77.2653, 6.0234 ], [ -77.2491, 6.0218 ], [ -77.2451, 6.0237 ], [ -77.2428, 6.0306 ], [ -77.2365, 6.0369 ], [ -77.2312, 6.0367 ], [ -77.2238, 6.0401 ], [ -77.2135, 6.0415 ], [ -77.1964, 6.0522 ], [ -77.1703, 6.0469 ], [ -77.1507, 6.052 ], [ -77.1487, 6.0572 ], [ -77.1386, 6.0592 ], [ -77.1346, 6.0636 ], [ -77.1226, 6.0561 ], [ -77.1178, 6.0486 ], [ -77.1186, 6.0443 ], [ -77.123, 6.0409 ], [ -77.1247, 6.0373 ], [ -77.1191, 6.0246 ], [ -77.1207, 6.0211 ], [ -77.1182, 6.0115 ], [ -77.1125, 6.0044 ], [ -77.1078, 6.003 ], [ -77.1018, 5.9929 ], [ -77.1026, 5.9885 ], [ -77.1007, 5.9759 ], [ -77.0982, 5.9715 ], [ -77.0901, 5.9656 ], [ -77.0905, 5.9551 ], [ -77.0873, 5.9539 ], [ -77.0861, 5.9553 ], [ -77.0834, 5.9548 ], [ -77.0792, 5.9638 ], [ -77.074, 5.9616 ], [ -77.0691, 5.9624 ], [ -77.0656, 5.9587 ], [ -77.0645, 5.9531 ], [ -77.0583, 5.9462 ], [ -77.0501, 5.9462 ], [ -77.0348, 5.9383 ], [ -77.0351, 5.9186 ], [ -77.0293, 5.9044 ], [ -77.031, 5.8916 ], [ -77.0261, 5.8835 ], [ -77.0246, 5.8668 ], [ -77.0205, 5.8568 ], [ -77.0172, 5.8553 ], [ -77.018, 5.8494 ], [ -77.0149, 5.8426 ], [ -77.0172, 5.8283 ], [ -77.0141, 5.8259 ], [ -77.0081, 5.8148 ], [ -77.0114, 5.8038 ], [ -77.0111, 5.7805 ], [ -77.0091, 5.7737 ], [ -77.0046, 5.768 ], [ -77.0068, 5.7591 ], [ -77.006, 5.7498 ], [ -76.9992, 5.7437 ], [ -76.9974, 5.7365 ], [ -76.9941, 5.732 ], [ -76.9904, 5.7321 ], [ -76.9865, 5.7284 ], [ -76.981, 5.7273 ], [ -76.9746, 5.7205 ], [ -76.9638, 5.7208 ], [ -76.9621, 5.715 ], [ -76.9551, 5.708 ], [ -76.9504, 5.7061 ], [ -76.95, 5.7043 ], [ -76.9538, 5.6984 ], [ -76.9522, 5.6707 ], [ -76.9498, 5.6644 ], [ -76.9548, 5.6592 ], [ -76.9573, 5.6465 ], [ -76.9571, 5.6393 ], [ -76.9553, 5.6348 ], [ -76.958, 5.629 ], [ -76.9592, 5.6191 ], [ -76.9563, 5.6016 ], [ -76.9612, 5.5979 ], [ -76.9658, 5.5808 ], [ -76.9677, 5.5139 ], [ -76.9704, 5.4936 ], [ -76.9691, 5.4905 ], [ -76.9606, 5.486 ], [ -76.9602, 5.4788 ], [ -76.9534, 5.4761 ], [ -76.9489, 5.4716 ], [ -76.9472, 5.4524 ], [ -76.9435, 5.4588 ], [ -76.9398, 5.459 ], [ -76.929, 5.4837 ], [ -76.9269, 5.493 ], [ -76.9249, 5.494 ], [ -76.9259, 5.4986 ], [ -76.9193, 5.5044 ], [ -76.9152, 5.5305 ], [ -76.9113, 5.5361 ], [ -76.914, 5.5408 ], [ -76.909, 5.5451 ], [ -76.9067, 5.5531 ], [ -76.8975, 5.5606 ], [ -76.8925, 5.5602 ], [ -76.8865, 5.5571 ], [ -76.8804, 5.5487 ], [ -76.8761, 5.5344 ], [ -76.8746, 5.5172 ], [ -76.8819, 5.4916 ], [ -76.8797, 5.4845 ], [ -76.8838, 5.4794 ], [ -76.8987, 5.4284 ], [ -76.8962, 5.4265 ], [ -76.8932, 5.4266 ], [ -76.8844, 5.4295 ], [ -76.8814, 5.4255 ], [ -76.8791, 5.4255 ], [ -76.8765, 5.422 ], [ -76.8743, 5.4217 ], [ -76.8739, 5.4169 ], [ -76.8698, 5.4167 ], [ -76.8706, 5.4137 ], [ -76.8641, 5.4117 ], [ -76.862, 5.4072 ], [ -76.8595, 5.4068 ], [ -76.861, 5.4024 ], [ -76.858, 5.4008 ], [ -76.8562, 5.3941 ], [ -76.8643, 5.3828 ], [ -76.8674, 5.3813 ], [ -76.8667, 5.38 ], [ -76.869, 5.3788 ], [ -76.8677, 5.3779 ], [ -76.8708, 5.3775 ], [ -76.873, 5.3723 ], [ -76.8747, 5.3717 ], [ -76.8734, 5.3699 ], [ -76.8764, 5.3693 ], [ -76.878, 5.3635 ], [ -76.8822, 5.3599 ], [ -76.8825, 5.3554 ], [ -76.8845, 5.3522 ], [ -76.8831, 5.3505 ], [ -76.8843, 5.3484 ], [ -76.8826, 5.3469 ], [ -76.8833, 5.3436 ], [ -76.8859, 5.343 ], [ -76.8893, 5.3348 ], [ -76.8975, 5.3303 ], [ -76.897, 5.3237 ], [ -76.8945, 5.3211 ], [ -76.8981, 5.3129 ], [ -76.9028, 5.3101 ], [ -76.9008, 5.3092 ], [ -76.9027, 5.3069 ], [ -76.9007, 5.3044 ], [ -76.9018, 5.302 ], [ -76.9082, 5.295 ], [ -76.9071, 5.2936 ], [ -76.9083, 5.2935 ], [ -76.908, 5.2905 ], [ -76.9065, 5.2896 ], [ -76.911, 5.2852 ], [ -76.9065, 5.2834 ], [ -76.9097, 5.2814 ], [ -76.9109, 5.2821 ], [ -76.9134, 5.2789 ], [ -76.918, 5.2838 ], [ -76.9248, 5.2832 ], [ -76.927, 5.2843 ], [ -76.929, 5.2808 ], [ -76.933, 5.2792 ], [ -76.9312, 5.2826 ], [ -76.9323, 5.2876 ], [ -76.9309, 5.2936 ], [ -76.9366, 5.3012 ], [ -76.9439, 5.3015 ], [ -76.9393, 5.3055 ], [ -76.9387, 5.3117 ], [ -76.9226, 5.3127 ], [ -76.925, 5.3146 ], [ -76.9295, 5.3134 ], [ -76.93, 5.3151 ], [ -76.9265, 5.3188 ], [ -76.9204, 5.32 ], [ -76.9227, 5.3277 ], [ -76.9301, 5.3275 ], [ -76.9327, 5.333 ], [ -76.9287, 5.3336 ], [ -76.9271, 5.3355 ], [ -76.927, 5.3441 ], [ -76.9366, 5.3458 ], [ -76.9317, 5.3517 ], [ -76.927, 5.3519 ], [ -76.9263, 5.3629 ], [ -76.9375, 5.3659 ], [ -76.9303, 5.3679 ], [ -76.9295, 5.3696 ], [ -76.9307, 5.371 ], [ -76.9332, 5.3721 ], [ -76.9364, 5.3692 ], [ -76.9445, 5.3698 ], [ -76.9473, 5.368 ], [ -76.9515, 5.3624 ], [ -76.9506, 5.353 ], [ -76.9524, 5.3515 ], [ -76.9549, 5.352 ], [ -76.9577, 5.3606 ], [ -76.9536, 5.3649 ], [ -76.9584, 5.37 ], [ -76.9542, 5.3701 ], [ -76.9579, 5.3753 ], [ -76.9544, 5.3795 ], [ -76.9591, 5.3795 ], [ -76.9584, 5.3852 ], [ -76.964, 5.3867 ], [ -76.9638, 5.3895 ], [ -76.9707, 5.3915 ], [ -76.9777, 5.3913 ], [ -76.98, 5.397 ], [ -76.979, 5.401 ], [ -76.9803, 5.4013 ], [ -76.9807, 5.3989 ], [ -76.9836, 5.4033 ], [ -76.9834, 5.4013 ], [ -76.9856, 5.4023 ], [ -76.9874, 5.4008 ], [ -76.9899, 5.3945 ], [ -76.9917, 5.3971 ], [ -76.994, 5.3949 ], [ -77.0016, 5.4006 ], [ -77.0015, 5.4018 ], [ -77.0001, 5.401 ], [ -77.0006, 5.4042 ], [ -77.0051, 5.4042 ], [ -77.0061, 5.4065 ], [ -77.0041, 5.4069 ], [ -77.0041, 5.4095 ], [ -77.0064, 5.4115 ], [ -77.0098, 5.4117 ], [ -77.0117, 5.4088 ], [ -77.017, 5.4098 ], [ -77.0161, 5.408 ], [ -77.0172, 5.4071 ], [ -77.0196, 5.4089 ], [ -77.0189, 5.4048 ], [ -77.0238, 5.4037 ], [ -77.0222, 5.4077 ], [ -77.0246, 5.4062 ], [ -77.024, 5.4082 ], [ -77.0292, 5.412 ], [ -77.0301, 5.4221 ], [ -77.0342, 5.4226 ], [ -77.034, 5.4245 ], [ -77.0354, 5.4226 ], [ -77.0365, 5.4258 ], [ -77.0404, 5.4259 ], [ -77.0405, 5.4285 ], [ -77.0433, 5.4315 ], [ -77.0431, 5.4296 ], [ -77.0458, 5.4295 ], [ -77.0447, 5.4359 ], [ -77.0486, 5.4368 ], [ -77.0587, 5.4455 ], [ -77.0581, 5.4467 ], [ -77.0631, 5.4489 ], [ -77.0627, 5.451 ], [ -77.0643, 5.4498 ], [ -77.065, 5.4516 ], [ -77.0702, 5.4515 ], [ -77.0704, 5.453 ], [ -77.0726, 5.4513 ], [ -77.073, 5.453 ], [ -77.0741, 5.4519 ], [ -77.0744, 5.4533 ], [ -77.0783, 5.4541 ], [ -77.0844, 5.45 ], [ -77.0859, 5.4507 ], [ -77.0873, 5.4479 ], [ -77.0921, 5.4467 ], [ -77.0987, 5.4508 ], [ -77.1087, 5.4427 ], [ -77.1128, 5.4427 ], [ -77.118, 5.4466 ], [ -77.1243, 5.4485 ], [ -77.1269, 5.4501 ], [ -77.1282, 5.4551 ], [ -77.1274, 5.4587 ], [ -77.1293, 5.4587 ], [ -77.1297, 5.4648 ], [ -77.1431, 5.4824 ], [ -77.1503, 5.4972 ], [ -77.1594, 5.4992 ], [ -77.1702, 5.506 ], [ -77.1732, 5.5098 ], [ -77.1762, 5.5067 ], [ -77.1981, 5.5025 ], [ -77.2023, 5.4991 ], [ -77.2087, 5.4979 ], [ -77.213, 5.4916 ], [ -77.224, 5.4949 ], [ -77.2313, 5.4943 ], [ -77.2387, 5.4964 ], [ -77.2389, 5.4859 ], [ -77.2446, 5.4859 ], [ -77.2498, 5.489 ], [ -77.2506, 5.4725 ], [ -77.2536, 5.4669 ], [ -77.2735, 5.4592 ], [ -77.2791, 5.4589 ], [ -77.2892, 5.463 ], [ -77.2971, 5.4611 ], [ -77.2953, 5.4725 ], [ -77.2907, 5.4857 ], [ -77.2741, 5.4961 ], [ -77.2663, 5.5054 ], [ -77.2698, 5.5154 ], [ -77.2686, 5.5221 ], [ -77.2623, 5.518 ], [ -77.2563, 5.5168 ], [ -77.2492, 5.5106 ], [ -77.2433, 5.512 ], [ -77.24, 5.518 ], [ -77.2324, 5.5246 ], [ -77.2204, 5.5228 ], [ -77.213, 5.5234 ], [ -77.2068, 5.5214 ], [ -77.2048, 5.5231 ], [ -77.2035, 5.5286 ], [ -77.206, 5.5381 ], [ -77.2038, 5.5504 ], [ -77.2059, 5.5559 ], [ -77.1997, 5.5637 ], [ -77.2008, 5.5668 ], [ -77.2076, 5.5735 ], [ -77.2086, 5.5833 ], [ -77.2043, 5.595 ], [ -77.2031, 5.6034 ], [ -77.1944, 5.612 ], [ -77.1866, 5.6155 ], [ -77.1928, 5.622 ], [ -77.1943, 5.6305 ], [ -77.1921, 5.6358 ], [ -77.185, 5.6421 ], [ -77.1817, 5.6484 ], [ -77.1772, 5.6444 ], [ -77.1682, 5.6485 ], [ -77.1665, 5.653 ], [ -77.1622, 5.6573 ], [ -77.1621, 5.6615 ], [ -77.1663, 5.6693 ], [ -77.1698, 5.6709 ], [ -77.1695, 5.6745 ], [ -77.1666, 5.6774 ], [ -77.175, 5.6912 ], [ -77.1875, 5.6957 ], [ -77.2128, 5.6935 ], [ -77.2219, 5.7006 ], [ -77.2223, 5.7054 ], [ -77.2201, 5.7098 ], [ -77.2187, 5.7216 ], [ -77.2143, 5.729 ], [ -77.2098, 5.7315 ], [ -77.1876, 5.7368 ], [ -77.1828, 5.7407 ], [ -77.1815, 5.764 ], [ -77.1828, 5.7727 ], [ -77.1855, 5.7783 ], [ -77.1836, 5.7906 ], [ -77.187, 5.7961 ], [ -77.1865, 5.7992 ], [ -77.1811, 5.8055 ], [ -77.1795, 5.8112 ], [ -77.1716, 5.8157 ], [ -77.1673, 5.8245 ], [ -77.1599, 5.8264 ], [ -77.1543, 5.8338 ], [ -77.1422, 5.8353 ], [ -77.1397, 5.8431 ], [ -77.1404, 5.8452 ], [ -77.1581, 5.8532 ], [ -77.1599, 5.8608 ], [ -77.1685, 5.8691 ], [ -77.1861, 5.8776 ], [ -77.1928, 5.8779 ], [ -77.1955, 5.8905 ], [ -77.2025, 5.8864 ], [ -77.2035, 5.8818 ], [ -77.2076, 5.8821 ], [ -77.2163, 5.8786 ], [ -77.2212, 5.8809 ], [ -77.2235, 5.8858 ], [ -77.2269, 5.8881 ], [ -77.2429, 5.8878 ], [ -77.2503, 5.8933 ], [ -77.2562, 5.894 ], [ -77.2569, 5.8956 ], [ -77.2601, 5.8912 ], [ -77.2644, 5.8895 ], [ -77.268, 5.8975 ], [ -77.2753, 5.9005 ], [ -77.2788, 5.904 ], [ -77.2827, 5.9026 ], [ -77.287, 5.9045 ], [ -77.2926, 5.9044 ], [ -77.2956, 5.8995 ], [ -77.2972, 5.8908 ], [ -77.3041, 5.8943 ], [ -77.3044, 5.9084 ], [ -77.3004, 5.9108 ], [ -77.3005, 5.9141 ], [ -77.2983, 5.9159 ], [ -77.298, 5.9236 ], [ -77.2884, 5.9263 ], [ -77.2855, 5.9297 ], [ -77.294, 5.9537 ], [ -77.2922, 5.961 ], [ -77.2928, 5.9692 ], [ -77.2891, 5.9764 ], [ -77.2896, 5.9814 ], [ -77.2843, 5.9827 ], [ -77.2826, 5.9854 ], [ -77.2858, 5.9897 ], [ -77.2857, 5.9966 ], [ -77.2939, 6.0014 ] ] ] ] } },
{ "type": "Feature", "properties": { "GID_2": "COL.13.3_2", "GID_0": "COL", "COUNTRY": "Colombia", "GID_1": "COL.13_2", "NAME_1": "Chocó", "NL_NAME_1": "NA", "NAME_2": "Atrato", "VARNAME_2": "NA", "NL_NAME_2": "NA", "TYPE_2": "Municipio", "ENGTYPE_2": "Municipality", "CC_2": "NA", "HASC_2": "CO.CH.AT", "ppt_mean": 7800.9283607474836, "rad_mean": 3.5036113875886685, "elev_mean": 77.880045294896647, "elev_max": 159.0, "pend_mean": 2.4378818196006575, "pot_kw_count": 1, "pot_kw_sum": 89670.411206999997, "pot_kw_mean": 89670.411206999997, "salto_m_count": 1, "salto_m_sum": 26.0, "salto_m_mean": 26.0, "DIS_AV_CMS_count": 1, "DIS_AV_CMS_sum": 413.607, "DIS_AV_CMS_mean": 413.607, "nombre": "Atrato", "rios_pch": "Río Atrato; Río Tanando", "n_rios": 2, "pch_mw": 89.7, "vocacion": "PCH" }, "geometry": { "type": "MultiPolygon", "coordinates": [ [ [ [ -76.5706, 5.4491 ], [ -76.5779, 5.4405 ], [ -76.5809, 5.4338 ], [ -76.5843, 5.4321 ], [ -76.5879, 5.423 ], [ -76.5918, 5.4233 ], [ -76.6004, 5.4193 ], [ -76.6052, 5.4131 ], [ -76.6132, 5.4144 ], [ -76.6165, 5.4118 ], [ -76.6212, 5.4114 ], [ -76.6225, 5.4159 ], [ -76.6261, 5.4148 ], [ -76.6283, 5.4118 ], [ -76.6356, 5.4137 ], [ -76.6317, 5.4222 ], [ -76.6313, 5.4264 ], [ -76.6329, 5.4289 ], [ -76.6426, 5.4283 ], [ -76.6533, 5.4333 ], [ -76.6711, 5.436 ], [ -76.6951, 5.4441 ], [ -76.6902, 5.4655 ], [ -76.6939, 5.4741 ], [ -76.6961, 5.4749 ], [ -76.6942, 5.478 ], [ -76.6957, 5.4797 ], [ -76.6951, 5.4832 ], [ -76.6925, 5.4866 ], [ -76.6925, 5.4956 ], [ -76.6972, 5.5094 ], [ -76.7056, 5.5252 ], [ -76.6992, 5.5246 ], [ -76.6913, 5.5274 ], [ -76.6821, 5.5271 ], [ -76.687, 5.5301 ], [ -76.6956, 5.5314 ], [ -76.6949, 5.541 ], [ -76.7043, 5.5445 ], [ -76.7024, 5.5516 ], [ -76.7078, 5.5539 ], [ -76.7032, 5.555 ], [ -76.7024, 5.5569 ], [ -76.7064, 5.5602 ], [ -76.7078, 5.5636 ], [ -76.7025, 5.5692 ], [ -76.7057, 5.578 ], [ -76.7085, 5.5766 ], [ -76.709, 5.5823 ], [ -76.7049, 5.5836 ], [ -76.7025, 5.6002 ], [ -76.6979, 5.6142 ], [ -76.6952, 5.6176 ], [ -76.6926, 5.6171 ], [ -76.6898, 5.6192 ], [ -76.6861, 5.6265 ], [ -76.6827, 5.6287 ], [ -76.6848, 5.6346 ], [ -76.6833, 5.6387 ], [ -76.6861, 5.6449 ], [ -76.682, 5.6455 ], [ -76.6799, 5.6509 ], [ -76.6651, 5.6476 ], [ -76.6616, 5.6388 ], [ -76.6525, 5.6287 ], [ -76.6529, 5.6247 ], [ -76.6576, 5.6215 ], [ -76.6521, 5.6199 ], [ -76.6413, 5.626 ], [ -76.6367, 5.6308 ], [ -76.6338, 5.6293 ], [ -76.628, 5.6295 ], [ -76.6259, 5.634 ], [ -76.6262, 5.6389 ], [ -76.6238, 5.6409 ], [ -76.6239, 5.6446 ], [ -76.6221, 5.6427 ], [ -76.6224, 5.6458 ], [ -76.6194, 5.6438 ], [ -76.6176, 5.6467 ], [ -76.609, 5.6442 ], [ -76.6051, 5.6554 ], [ -76.6058, 5.6577 ], [ -76.6017, 5.6605 ], [ -76.5986, 5.6598 ], [ -76.5957, 5.6613 ], [ -76.5964, 5.6581 ], [ -76.5937, 5.6551 ], [ -76.5905, 5.6567 ], [ -76.5915, 5.653 ], [ -76.589, 5.653 ], [ -76.5874, 5.6499 ], [ -76.5845, 5.6496 ], [ -76.5804, 5.653 ], [ -76.5812, 5.6545 ], [ -76.5776, 5.6538 ], [ -76.5769, 5.6518 ], [ -76.5759, 5.6528 ], [ -76.5744, 5.651 ], [ -76.5725, 5.6532 ], [ -76.5696, 5.6522 ], [ -76.5713, 5.6551 ], [ -76.5693, 5.6574 ], [ -76.5626, 5.6577 ], [ -76.5639, 5.661 ], [ -76.5612, 5.661 ], [ -76.5613, 5.6644 ], [ -76.5591, 5.6648 ], [ -76.5561, 5.6611 ], [ -76.5496, 5.6612 ], [ -76.5405, 5.6731 ], [ -76.5328, 5.689 ], [ -76.5177, 5.7028 ], [ -76.5145, 5.6981 ], [ -76.5126, 5.6874 ], [ -76.5101, 5.6822 ], [ -76.5149, 5.6767 ], [ -76.5157, 5.672 ], [ -76.5019, 5.6477 ], [ -76.5026, 5.6405 ], [ -76.5095, 5.6257 ], [ -76.5103, 5.6206 ], [ -76.5032, 5.6037 ], [ -76.4997, 5.5895 ], [ -76.4998, 5.5826 ], [ -76.5064, 5.5675 ], [ -76.5069, 5.557 ], [ -76.5091, 5.5532 ], [ -76.518, 5.5497 ], [ -76.5231, 5.552 ], [ -76.5233, 5.5496 ], [ -76.5279, 5.5527 ], [ -76.5297, 5.5499 ], [ -76.5326, 5.5516 ], [ -76.5345, 5.5498 ], [ -76.5367, 5.55 ], [ -76.5358, 5.5516 ], [ -76.538, 5.5536 ], [ -76.5389, 5.5517 ], [ -76.5413, 5.5518 ], [ -76.5412, 5.5487 ], [ -76.5443, 5.5499 ], [ -76.5462, 5.548 ], [ -76.5474, 5.5494 ], [ -76.5499, 5.548 ], [ -76.5496, 5.55 ], [ -76.5527, 5.5504 ], [ -76.5518, 5.5522 ], [ -76.5534, 5.5524 ], [ -76.5569, 5.5477 ], [ -76.5599, 5.55 ], [ -76.5638, 5.5465 ], [ -76.5689, 5.548 ], [ -76.5692, 5.5511 ], [ -76.5733, 5.5519 ], [ -76.5745, 5.5514 ], [ -76.5739, 5.5486 ], [ -76.58, 5.5489 ], [ -76.5797, 5.5449 ], [ -76.5822, 5.5479 ], [ -76.5865, 5.5485 ], [ -76.5886, 5.545 ], [ -76.5842, 5.5277 ], [ -76.5876, 5.5169 ], [ -76.5882, 5.5102 ], [ -76.5861, 5.5091 ], [ -76.5879, 5.5015 ], [ -76.5835, 5.4957 ], [ -76.5842, 5.4928 ], [ -76.5815, 5.4911 ], [ -76.5808, 5.4887 ], [ -76.5823, 5.4855 ], [ -76.5799, 5.4821 ], [ -76.5814, 5.4793 ], [ -76.5789, 5.4801 ], [ -76.5784, 5.4765 ], [ -76.5806, 5.4761 ], [ -76.581, 5.4736 ], [ -76.5782, 5.4706 ], [ -76.5782, 5.4656 ], [ -76.5812, 5.4627 ], [ -76.5797, 5.4611 ], [ -76.575, 5.4614 ], [ -76.5706, 5.4491 ] ] ] ] } },
{ "type": "Feature", "properties": { "GID_2": "COL.13.4_2", "GID_0": "COL", "COUNTRY": "Colombia", "GID_1": "COL.13_2", "NAME_1": "Chocó", "NL_NAME_1": "NA", "NAME_2": "Bagadó", "VARNAME_2": "NA", "NL_NAME_2": "NA", "TYPE_2": "Municipio", "ENGTYPE_2": "Municipality", "CC_2": "NA", "HASC_2": "CO.CH.BA", "ppt_mean": 4765.2017450462945, "rad_mean": 4.0256282652243405, "elev_mean": 845.98210574339737, "elev_max": 4901.0, "pend_mean": 17.846820282451315, "pot_kw_count": 18, "pot_kw_sum": 457302.75202800002, "pot_kw_mean": 25405.708446000001, "salto_m_count": 18, "salto_m_sum": 1141.0, "salto_m_mean": 63.388889, "DIS_AV_CMS_count": 18, "DIS_AV_CMS_sum": 1015.027, "DIS_AV_CMS_mean": 56.390389, "nombre": "Bagadó", "rios_pch": "Río Andagueda; Río Pasajera; Río Azul; Río Agüita; Río Guarato", "n_rios": 5, "pch_mw": 457.3, "vocacion": "PCH" }, "geometry": { "type": "MultiPolygon", "coordinates": [ [ [ [ -76.0997, 5.676 ], [ -76.0989, 5.6664 ], [ -76.0947, 5.6592 ], [ -76.0813, 5.6473 ], [ -76.0529, 5.6304 ], [ -76.0401, 5.6173 ], [ -76.0367, 5.6111 ], [ -76.0326, 5.5972 ], [ -76.0327, 5.5773 ], [ -76.0291, 5.5483 ], [ -76.0135, 5.503 ], [ -75.9993, 5.4788 ], [ -75.9982, 5.4714 ], [ -76.0018, 5.4658 ], [ -76.0595, 5.4591 ], [ -76.0692, 5.4565 ], [ -76.0835, 5.449 ], [ -76.087, 5.4457 ], [ -76.11, 5.408 ], [ -76.1302, 5.3974 ], [ -76.2018, 5.3911 ], [ -76.2033, 5.3881 ], [ -76.1999, 5.3799 ], [ -76.1992, 5.3739 ], [ -76.2017, 5.3689 ], [ -76.238, 5.3645 ], [ -76.2528, 5.3588 ], [ -76.2804, 5.3531 ], [ -76.3114, 5.3561 ], [ -76.3309, 5.3556 ], [ -76.3539, 5.3586 ], [ -76.4033, 5.3609 ], [ -76.4214, 5.3709 ], [ -76.4346, 5.3744 ], [ -76.444, 5.3802 ], [ -76.4504, 5.3808 ], [ -76.453, 5.3826 ], [ -76.4564, 5.3904 ], [ -76.4659, 5.3979 ], [ -76.4851, 5.4032 ], [ -76.4861, 5.4065 ], [ -76.485, 5.4098 ], [ -76.4891, 5.4263 ], [ -76.4936, 5.4326 ], [ -76.4778, 5.4362 ], [ -76.4638, 5.4356 ], [ -76.45, 5.4385 ], [ -76.4443, 5.4375 ], [ -76.423, 5.4432 ], [ -76.4083, 5.4439 ], [ -76.4003, 5.4393 ], [ -76.389, 5.4401 ], [ -76.362, 5.4466 ], [ -76.3505, 5.4573 ], [ -76.3353, 5.4843 ], [ -76.3243, 5.5085 ], [ -76.318, 5.5171 ], [ -76.3008, 5.5376 ], [ -76.2795, 5.5592 ], [ -76.2613, 5.5716 ], [ -76.2475, 5.5831 ], [ -76.2406, 5.5913 ], [ -76.2119, 5.6074 ], [ -76.1908, 5.6227 ], [ -76.1646, 5.646 ], [ -76.1446, 5.6577 ], [ -76.1295, 5.664 ], [ -76.1048, 5.6707 ], [ -76.0997, 5.676 ] ] ] ] } },
{ "type": "Feature", "properties": { "GID_2": "COL.13.5_2", "GID_0": "COL", "COUNTRY": "Colombia", "GID_1": "COL.13_2", "NAME_1": "Chocó", "NL_NAME_1": "NA", "NAME_2": "BahíaSolano", "VARNAME_2": "NA", "NL_NAME_2": "NA", "TYPE_2": "Municipio", "ENGTYPE_2": "Municipality", "CC_2": "NA", "HASC_2": "CO.CH.BS", "ppt_mean": 4964.1331750171321, "rad_mean": 3.7758000715364619, "elev_mean": 269.44085101972064, "elev_max": 1123.0, "pend_mean": 12.553388088838322, "pot_kw_count": 1, "pot_kw_sum": 7891.206183, "pot_kw_mean": 7891.206183, "salto_m_count": 1, "salto_m_sum": 46.0, "salto_m_mean": 46.0, "DIS_AV_CMS_count": 1, "DIS_AV_CMS_sum": 20.573, "DIS_AV_CMS_mean": 20.573, "nombre": "Bahía Solano", "rios_pch": "Río Valle; Río Boroboro; Río Huaca; Río Otó; Río Chigorodó; Río Tundó; Río Doguadó; Río Docundó; Río Opogadó; Río Napipí", "n_rios": 13, "pch_mw": 7.9, "vocacion": "PCH" }, "geometry": { "type": "MultiPolygon", "coordinates": [ [ [ [ -77.2915, 6.0525 ], [ -77.2937, 6.047 ], [ -77.2995, 6.0444 ], [ -77.3016, 6.0415 ], [ -77.3026, 6.0344 ], [ -77.3015, 6.0331 ], [ -77.2919, 6.0322 ], [ -77.2844, 6.0258 ], [ -77.2841, 6.0184 ], [ -77.2896, 6.0052 ], [ -77.302, 5.9949 ], [ -77.3076, 5.9882 ], [ -77.3135, 5.9905 ], [ -77.3165, 5.9948 ], [ -77.3244, 5.9877 ], [ -77.3324, 5.9874 ], [ -77.3344, 5.9884 ], [ -77.3328, 5.9926 ], [ -77.3349, 6.0001 ], [ -77.3421, 6.0059 ], [ -77.3451, 6.0136 ], [ -77.3493, 6.0151 ], [ -77.3474, 6.0233 ], [ -77.3466, 6.0196 ], [ -77.345, 6.0189 ], [ -77.3459, 6.0237 ], [ -77.3476, 6.0249 ], [ -77.3465, 6.0298 ], [ -77.3484, 6.0329 ], [ -77.3474, 6.0356 ], [ -77.3485, 6.0385 ], [ -77.3523, 6.0464 ], [ -77.3534, 6.0434 ], [ -77.3536, 6.045 ], [ -77.3562, 6.0455 ], [ -77.3573, 6.0486 ], [ -77.3596, 6.049 ], [ -77.3596, 6.0565 ], [ -77.3584, 6.0577 ], [ -77.3637, 6.0609 ], [ -77.3647, 6.0578 ], [ -77.3624, 6.0544 ], [ -77.3623, 6.0487 ], [ -77.3601, 6.0458 ], [ -77.3551, 6.0286 ], [ -77.3537, 6.0004 ], [ -77.3508, 5.9953 ], [ -77.3528, 5.9976 ], [ -77.3551, 5.9951 ], [ -77.3539, 5.9985 ], [ -77.3569, 6.0012 ], [ -77.3612, 6.0019 ], [ -77.3643, 5.9997 ], [ -77.364, 6.0035 ], [ -77.362, 6.0031 ], [ -77.3605, 6.0065 ], [ -77.3633, 6.0116 ], [ -77.3646, 6.011 ], [ -77.3633, 6.0125 ], [ -77.3641, 6.015 ], [ -77.3682, 6.0179 ], [ -77.3649, 6.019 ], [ -77.3643, 6.0215 ], [ -77.3664, 6.0226 ], [ -77.3669, 6.0254 ], [ -77.3688, 6.0234 ], [ -77.3701, 6.0243 ], [ -77.3705, 6.0271 ], [ -77.3684, 6.028 ], [ -77.3706, 6.0348 ], [ -77.3725, 6.034 ], [ -77.3729, 6.0365 ], [ -77.3709, 6.0374 ], [ -77.3737, 6.0392 ], [ -77.3722, 6.0413 ], [ -77.3746, 6.0435 ], [ -77.3743, 6.0451 ], [ -77.3943, 6.0685 ], [ -77.4257, 6.0965 ], [ -77.426, 6.0985 ], [ -77.4226, 6.1001 ], [ -77.4226, 6.1057 ], [ -77.424, 6.1007 ], [ -77.4268, 6.1013 ], [ -77.4271, 6.1026 ], [ -77.4304, 6.1015 ], [ -77.4335, 6.1049 ], [ -77.4326, 6.1085 ], [ -77.4349, 6.1126 ], [ -77.4396, 6.116 ], [ -77.4404, 6.119 ], [ -77.445, 6.1192 ], [ -77.4454, 6.1235 ], [ -77.4471, 6.1236 ], [ -77.4492, 6.1277 ], [ -77.449, 6.1312 ], [ -77.4551, 6.1333 ], [ -77.4544, 6.135 ], [ -77.4557, 6.1363 ], [ -77.4543, 6.1367 ], [ -77.4581, 6.1395 ], [ -77.4566, 6.1398 ], [ -77.4574, 6.1432 ], [ -77.4634, 6.1478 ], [ -77.4625, 6.1507 ], [ -77.4665, 6.1557 ], [ -77.4674, 6.1601 ], [ -77.4709, 6.1605 ], [ -77.4736, 6.1675 ], [ -77.474, 6.1738 ], [ -77.4757, 6.1749 ], [ -77.4754, 6.1799 ], [ -77.4774, 6.1813 ], [ -77.4757, 6.1829 ], [ -77.4818, 6.186 ], [ -77.4832, 6.1915 ], [ -77.4807, 6.1968 ], [ -77.4815, 6.2021 ], [ -77.4793, 6.2046 ], [ -77.479, 6.211 ], [ -77.4751, 6.2179 ], [ -77.4735, 6.2353 ], [ -77.4712, 6.2378 ], [ -77.4682, 6.249 ], [ -77.4704, 6.2624 ], [ -77.4686, 6.2642 ], [ -77.469, 6.2704 ], [ -77.4671, 6.2743 ], [ -77.4735, 6.2974 ], [ -77.4721, 6.2962 ], [ -77.4696, 6.2971 ], [ -77.4682, 6.2951 ], [ -77.4684, 6.2901 ], [ -77.4614, 6.2816 ], [ -77.4582, 6.2724 ], [ -77.4465, 6.2696 ], [ -77.4381, 6.2715 ], [ -77.4338, 6.2698 ], [ -77.4221, 6.2446 ], [ -77.411, 6.2296 ], [ -77.4088, 6.228 ], [ -77.3993, 6.2282 ], [ -77.3993, 6.2321 ], [ -77.3962, 6.2354 ], [ -77.3954, 6.2465 ], [ -77.3983, 6.2508 ], [ -77.4007, 6.251 ], [ -77.3924, 6.2624 ], [ -77.389, 6.264 ], [ -77.389, 6.2663 ], [ -77.3815, 6.2771 ], [ -77.3816, 6.2816 ], [ -77.3856, 6.2865 ], [ -77.3835, 6.2896 ], [ -77.3834, 6.2976 ], [ -77.3774, 6.3162 ], [ -77.3771, 6.3293 ], [ -77.3789, 6.3342 ], [ -77.3743, 6.3374 ], [ -77.3715, 6.3426 ], [ -77.3701, 6.3551 ], [ -77.3779, 6.3671 ], [ -77.3861, 6.3687 ], [ -77.3867, 6.3651 ], [ -77.3903, 6.3626 ], [ -77.3918, 6.3644 ], [ -77.391, 6.3671 ], [ -77.3932, 6.3679 ], [ -77.3949, 6.3732 ], [ -77.4001, 6.3787 ], [ -77.4048, 6.3812 ], [ -77.4082, 6.3766 ], [ -77.4093, 6.3801 ], [ -77.4126, 6.3814 ], [ -77.4124, 6.3844 ], [ -77.4107, 6.3889 ], [ -77.4049, 6.3935 ], [ -77.3988, 6.3901 ], [ -77.3932, 6.3902 ], [ -77.388, 6.3877 ], [ -77.3824, 6.3918 ], [ -77.3812, 6.3971 ], [ -77.3778, 6.3953 ], [ -77.3743, 6.3888 ], [ -77.3712, 6.3869 ], [ -77.3674, 6.3877 ], [ -77.3585, 6.3935 ], [ -77.3563, 6.3997 ], [ -77.3596, 6.4027 ], [ -77.3596, 6.4079 ], [ -77.3645, 6.4102 ], [ -77.364, 6.4131 ], [ -77.3672, 6.4206 ], [ -77.3712, 6.4205 ], [ -77.3707, 6.424 ], [ -77.3753, 6.4233 ], [ -77.3757, 6.4254 ], [ -77.3739, 6.4304 ], [ -77.3727, 6.4284 ], [ -77.3707, 6.4304 ], [ -77.3675, 6.428 ], [ -77.3632, 6.4313 ], [ -77.3607, 6.4393 ], [ -77.3616, 6.4447 ], [ -77.3639, 6.4469 ], [ -77.3625, 6.4545 ], [ -77.3608, 6.4568 ], [ -77.3532, 6.4576 ], [ -77.3512, 6.4632 ], [ -77.3524, 6.4721 ], [ -77.3554, 6.4739 ], [ -77.3576, 6.4779 ], [ -77.361, 6.4788 ], [ -77.3599, 6.4801 ], [ -77.361, 6.4812 ], [ -77.3605, 6.4882 ], [ -77.358, 6.4904 ], [ -77.3551, 6.4896 ], [ -77.3532, 6.4926 ], [ -77.3501, 6.494 ], [ -77.3463, 6.4982 ], [ -77.3468, 6.503 ], [ -77.3439, 6.503 ], [ -77.3396, 6.5062 ], [ -77.3382, 6.5196 ], [ -77.336, 6.524 ], [ -77.3375, 6.5282 ], [ -77.336, 6.5276 ], [ -77.3332, 6.5301 ], [ -77.3326, 6.5349 ], [ -77.3342, 6.5372 ], [ -77.332, 6.5369 ], [ -77.3304, 6.5414 ], [ -77.3257, 6.544 ], [ -77.3262, 6.5515 ], [ -77.3304, 6.5629 ], [ -77.3343, 6.564 ], [ -77.3376, 6.5718 ], [ -77.3485, 6.5807 ], [ -77.3532, 6.5812 ], [ -77.3576, 6.5785 ], [ -77.3626, 6.5829 ], [ -77.3645, 6.5824 ], [ -77.3649, 6.5801 ], [ -77.3688, 6.581 ], [ -77.3718, 6.5865 ], [ -77.3757, 6.5896 ], [ -77.376, 6.5924 ], [ -77.3721, 6.5932 ], [ -77.3707, 6.6007 ], [ -77.3721, 6.6021 ], [ -77.3746, 6.6015 ], [ -77.3807, 6.6101 ], [ -77.3826, 6.6099 ], [ -77.3843, 6.6124 ], [ -77.3913, 6.6154 ], [ -77.3946, 6.6207 ], [ -77.4001, 6.6207 ], [ -77.3976, 6.6218 ], [ -77.3985, 6.6249 ], [ -77.4034, 6.629 ], [ -77.3985, 6.6299 ], [ -77.3968, 6.635 ], [ -77.401, 6.6399 ], [ -77.406, 6.6404 ], [ -77.4051, 6.6476 ], [ -77.4071, 6.6486 ], [ -77.4032, 6.6514 ], [ -77.3985, 6.6506 ], [ -77.3948, 6.662 ], [ -77.399, 6.6649 ], [ -77.4062, 6.666 ], [ -77.4043, 6.6732 ], [ -77.3993, 6.6746 ], [ -77.4004, 6.6807 ], [ -77.4049, 6.6857 ], [ -77.4121, 6.6901 ], [ -77.4182, 6.6912 ], [ -77.4222, 6.6872 ], [ -77.424, 6.6881 ], [ -77.425, 6.6845 ], [ -77.4271, 6.6842 ], [ -77.4299, 6.6872 ], [ -77.4285, 6.696 ], [ -77.4307, 6.699 ], [ -77.4301, 6.7043 ], [ -77.4337, 6.7049 ], [ -77.4365, 6.7082 ], [ -77.4368, 6.7054 ], [ -77.4329, 6.7015 ], [ -77.4501, 6.7082 ], [ -77.4501, 6.7071 ], [ -77.4724, 6.7044 ], [ -77.4702, 6.7052 ], [ -77.4668, 6.7115 ], [ -77.46, 6.7144 ], [ -77.4623, 6.7187 ], [ -77.4593, 6.7195 ], [ -77.4595, 6.7221 ], [ -77.4566, 6.726 ], [ -77.4515, 6.7303 ], [ -77.448, 6.7304 ], [ -77.4474, 6.7345 ], [ -77.4424, 6.7395 ], [ -77.4326, 6.743 ], [ -77.4312, 6.7481 ], [ -77.4342, 6.7522 ], [ -77.4315, 6.7557 ], [ -77.4333, 6.7583 ], [ -77.4275, 6.766 ], [ -77.4245, 6.7657 ], [ -77.4246, 6.7692 ], [ -77.4182, 6.7689 ], [ -77.4165, 6.7713 ], [ -77.4141, 6.7713 ], [ -77.4096, 6.7693 ], [ -77.4094, 6.7763 ], [ -77.4072, 6.7766 ], [ -77.406, 6.7797 ], [ -77.4035, 6.7806 ], [ -77.4, 6.7855 ], [ -77.3972, 6.7844 ], [ -77.3911, 6.7896 ], [ -77.3767, 6.7925 ], [ -77.3766, 6.7954 ], [ -77.3737, 6.7973 ], [ -77.3721, 6.8026 ], [ -77.3691, 6.806 ], [ -77.3581, 6.8063 ], [ -77.357, 6.8039 ], [ -77.3492, 6.8008 ], [ -77.3448, 6.7934 ], [ -77.3427, 6.7932 ], [ -77.3413, 6.7896 ], [ -77.3375, 6.7865 ], [ -77.3344, 6.7779 ], [ -77.3404, 6.7696 ], [ -77.3418, 6.7636 ], [ -77.3471, 6.7587 ], [ -77.3553, 6.738 ], [ -77.3653, 6.7283 ], [ -77.3838, 6.7224 ], [ -77.3895, 6.7159 ], [ -77.3885, 6.7074 ], [ -77.3853, 6.7038 ], [ -77.3716, 6.7013 ], [ -77.3624, 6.6976 ], [ -77.3608, 6.6944 ], [ -77.366, 6.6819 ], [ -77.3668, 6.6737 ], [ -77.3714, 6.6696 ], [ -77.3681, 6.6615 ], [ -77.3732, 6.6498 ], [ -77.3791, 6.6426 ], [ -77.3786, 6.6246 ], [ -77.3761, 6.6213 ], [ -77.3717, 6.6236 ], [ -77.3635, 6.6219 ], [ -77.3595, 6.6167 ], [ -77.348, 6.6173 ], [ -77.3453, 6.6157 ], [ -77.3447, 6.6091 ], [ -77.3407, 6.6039 ], [ -77.3337, 6.597 ], [ -77.3269, 6.5941 ], [ -77.3284, 6.5859 ], [ -77.3272, 6.5796 ], [ -77.3205, 6.5807 ], [ -77.3176, 6.5791 ], [ -77.3139, 6.5706 ], [ -77.3117, 6.5588 ], [ -77.3045, 6.5494 ], [ -77.3115, 6.5224 ], [ -77.3137, 6.5188 ], [ -77.3205, 6.5144 ], [ -77.3225, 6.5087 ], [ -77.321, 6.5018 ], [ -77.3232, 6.4928 ], [ -77.3212, 6.4898 ], [ -77.324, 6.4852 ], [ -77.3219, 6.4782 ], [ -77.3106, 6.473 ], [ -77.3017, 6.4654 ], [ -77.3048, 6.4561 ], [ -77.3061, 6.4458 ], [ -77.3124, 6.4392 ], [ -77.3071, 6.4287 ], [ -77.3062, 6.4207 ], [ -77.3114, 6.4048 ], [ -77.3167, 6.4034 ], [ -77.3189, 6.4012 ], [ -77.3174, 6.3983 ], [ -77.3069, 6.394 ], [ -77.3015, 6.3966 ], [ -77.2974, 6.3956 ], [ -77.2943, 6.3941 ], [ -77.2874, 6.3859 ], [ -77.2792, 6.3393 ], [ -77.2798, 6.3368 ], [ -77.2938, 6.3299 ], [ -77.2999, 6.3207 ], [ -77.3021, 6.3144 ], [ -77.3121, 6.3068 ], [ -77.3178, 6.2984 ], [ -77.3276, 6.293 ], [ -77.3289, 6.2881 ], [ -77.3253, 6.283 ], [ -77.3152, 6.2746 ], [ -77.3111, 6.2615 ], [ -77.3002, 6.2659 ], [ -77.2837, 6.2672 ], [ -77.2797, 6.2639 ], [ -77.2632, 6.2616 ], [ -77.2487, 6.2524 ], [ -77.2448, 6.2442 ], [ -77.2393, 6.2401 ], [ -77.2343, 6.2415 ], [ -77.231, 6.2404 ], [ -77.2309, 6.2363 ], [ -77.2352, 6.2298 ], [ -77.2414, 6.2265 ], [ -77.2453, 6.222 ], [ -77.2463, 6.2095 ], [ -77.2401, 6.2045 ], [ -77.2365, 6.2041 ], [ -77.232, 6.1912 ], [ -77.2326, 6.1784 ], [ -77.231, 6.1733 ], [ -77.2235, 6.1636 ], [ -77.22, 6.1629 ], [ -77.2166, 6.1579 ], [ -77.2177, 6.1451 ], [ -77.2207, 6.1369 ], [ -77.2243, 6.1354 ], [ -77.2411, 6.1344 ], [ -77.2523, 6.1259 ], [ -77.2621, 6.1089 ], [ -77.2705, 6.0978 ], [ -77.2788, 6.09 ], [ -77.2799, 6.0884 ], [ -77.2788, 6.0815 ], [ -77.2744, 6.0781 ], [ -77.2728, 6.0747 ], [ -77.2892, 6.0792 ], [ -77.2904, 6.0729 ], [ -77.2881, 6.0686 ], [ -77.2884, 6.0616 ], [ -77.2915, 6.0525 ] ] ] ] } },
{ "type": "Feature", "properties": { "GID_2": "COL.13.6_2", "GID_0": "COL", "COUNTRY": "Colombia", "GID_1": "COL.13_2", "NAME_1": "Chocó", "NL_NAME_1": "NA", "NAME_2": "BajoBaudó", "VARNAME_2": "Piza|Pizarro", "NL_NAME_2": "NA", "TYPE_2": "Municipio", "ENGTYPE_2": "Municipality", "CC_2": "NA", "HASC_2": "CO.CH.BB", "ppt_mean": 7041.2745094206566, "rad_mean": 3.4073339149712201, "elev_mean": 128.92695483983135, "elev_max": 1183.0, "pend_mean": 6.7596884904625654, "pot_kw_count": 36, "pot_kw_sum": 987381.63896899996, "pot_kw_mean": 27427.267749, "salto_m_count": 36, "salto_m_sum": 1599.0, "salto_m_mean": 44.416667, "DIS_AV_CMS_count": 36, "DIS_AV_CMS_sum": 2822.292, "DIS_AV_CMS_mean": 78.397, "nombre": "Bajo Baudó", "rios_pch": "Río Dubasa; Río Baudó; Río Purricha; Río Docampadó; Río Capiro; Río Catrú; Río Abaquía; Río Ijuá; Río Catripe; Río Tocasina", "n_rios": 22, "pch_mw": 987.4, "vocacion": "PCH" }, "geometry": { "type": "MultiPolygon", "coordinates": [ [ [ [ -77.3186, 4.6704 ], [ -77.3187, 4.6701 ], [ -77.3187, 4.6704 ], [ -77.3186, 4.6704 ] ] ], [ [ [ -77.2913, 5.4834 ], [ -77.2953, 5.4725 ], [ -77.2971, 5.4611 ], [ -77.2892, 5.463 ], [ -77.2791, 5.4589 ], [ -77.2708, 5.4597 ], [ -77.2536, 5.4669 ], [ -77.2506, 5.4725 ], [ -77.2498, 5.489 ], [ -77.2446, 5.4859 ], [ -77.2389, 5.4859 ], [ -77.2387, 5.4964 ], [ -77.2313, 5.4943 ], [ -77.224, 5.4949 ], [ -77.213, 5.4916 ], [ -77.2087, 5.4979 ], [ -77.2023, 5.4991 ], [ -77.1981, 5.5025 ], [ -77.1762, 5.5067 ], [ -77.1732, 5.5098 ], [ -77.1702, 5.506 ], [ -77.1594, 5.4992 ], [ -77.1503, 5.4972 ], [ -77.1431, 5.4824 ], [ -77.1297, 5.4648 ], [ -77.1293, 5.4587 ], [ -77.1274, 5.4587 ], [ -77.1282, 5.4551 ], [ -77.1269, 5.4501 ], [ -77.1243, 5.4485 ], [ -77.118, 5.4466 ], [ -77.1128, 5.4427 ], [ -77.1087, 5.4427 ], [ -77.0987, 5.4508 ], [ -77.0921, 5.4467 ], [ -77.0873, 5.4479 ], [ -77.0859, 5.4507 ], [ -77.0844, 5.45 ], [ -77.0783, 5.4541 ], [ -77.0744, 5.4533 ], [ -77.0741, 5.4519 ], [ -77.073, 5.453 ], [ -77.0726, 5.4513 ], [ -77.0704, 5.453 ], [ -77.0702, 5.4515 ], [ -77.065, 5.4516 ], [ -77.0643, 5.4498 ], [ -77.0627, 5.451 ], [ -77.0631, 5.4489 ], [ -77.0581, 5.4467 ], [ -77.0587, 5.4455 ], [ -77.0486, 5.4368 ], [ -77.0447, 5.4359 ], [ -77.0458, 5.4295 ], [ -77.0431, 5.4296 ], [ -77.0433, 5.4315 ], [ -77.0405, 5.4285 ], [ -77.0404, 5.4259 ], [ -77.0365, 5.4258 ], [ -77.0354, 5.4226 ], [ -77.034, 5.4245 ], [ -77.0342, 5.4226 ], [ -77.0301, 5.4221 ], [ -77.0292, 5.412 ], [ -77.024, 5.4082 ], [ -77.0246, 5.4062 ], [ -77.0222, 5.4077 ], [ -77.0238, 5.4037 ], [ -77.0189, 5.4048 ], [ -77.0196, 5.4089 ], [ -77.0172, 5.4071 ], [ -77.0161, 5.408 ], [ -77.017, 5.4098 ], [ -77.0117, 5.4088 ], [ -77.0098, 5.4117 ], [ -77.0064, 5.4115 ], [ -77.0041, 5.4095 ], [ -77.0041, 5.4069 ], [ -77.0061, 5.4065 ], [ -77.0051, 5.4042 ], [ -77.0006, 5.4042 ], [ -77.0001, 5.401 ], [ -77.0015, 5.4018 ], [ -77.0016, 5.4006 ], [ -76.994, 5.3949 ], [ -76.9917, 5.3971 ], [ -76.9899, 5.3945 ], [ -76.9874, 5.4008 ], [ -76.9856, 5.4023 ], [ -76.9834, 5.4013 ], [ -76.9836, 5.4033 ], [ -76.9807, 5.3989 ], [ -76.9803, 5.4013 ], [ -76.979, 5.401 ], [ -76.98, 5.397 ], [ -76.9777, 5.3913 ], [ -76.9707, 5.3915 ], [ -76.9638, 5.3895 ], [ -76.964, 5.3867 ], [ -76.9584, 5.3852 ], [ -76.9591, 5.3795 ], [ -76.9544, 5.3795 ], [ -76.9579, 5.3753 ], [ -76.9542, 5.3701 ], [ -76.9584, 5.37 ], [ -76.9536, 5.3649 ], [ -76.9577, 5.3606 ], [ -76.9552, 5.3522 ], [ -76.9524, 5.3515 ], [ -76.9508, 5.3528 ], [ -76.9514, 5.3627 ], [ -76.9445, 5.3698 ], [ -76.9364, 5.3692 ], [ -76.9332, 5.3721 ], [ -76.9317, 5.3716 ], [ -76.9295, 5.3698 ], [ -76.93, 5.3682 ], [ -76.9374, 5.3656 ], [ -76.9316, 5.365 ], [ -76.9262, 5.3625 ], [ -76.9274, 5.3512 ], [ -76.9317, 5.3517 ], [ -76.9335, 5.348 ], [ -76.9366, 5.346 ], [ -76.9269, 5.344 ], [ -76.9272, 5.3353 ], [ -76.9288, 5.3336 ], [ -76.9328, 5.3334 ], [ -76.9301, 5.3275 ], [ -76.9226, 5.3275 ], [ -76.9204, 5.3199 ], [ -76.9278, 5.3181 ], [ -76.93, 5.3146 ], [ -76.929, 5.3133 ], [ -76.9256, 5.3146 ], [ -76.9223, 5.3131 ], [ -76.9387, 5.3117 ], [ -76.9393, 5.3055 ], [ -76.944, 5.302 ], [ -76.9428, 5.3006 ], [ -76.9366, 5.3012 ], [ -76.9346, 5.2994 ], [ -76.9309, 5.2936 ], [ -76.9322, 5.2872 ], [ -76.9389, 5.2943 ], [ -76.9452, 5.2951 ], [ -76.9486, 5.292 ], [ -76.9501, 5.2965 ], [ -76.9532, 5.2974 ], [ -76.9589, 5.2942 ], [ -76.9629, 5.2966 ], [ -76.9705, 5.2977 ], [ -76.9815, 5.2933 ], [ -76.9814, 5.2853 ], [ -76.985, 5.2809 ], [ -76.9851, 5.2774 ], [ -76.9893, 5.2754 ], [ -76.9988, 5.2754 ], [ -77.0083, 5.2733 ], [ -77.0058, 5.2684 ], [ -77.0058, 5.247 ], [ -77.0117, 5.2373 ], [ -77.0223, 5.238 ], [ -77.0285, 5.2406 ], [ -77.0363, 5.2335 ], [ -77.0385, 5.231 ], [ -77.0385, 5.2143 ], [ -77.0479, 5.2074 ], [ -77.0497, 5.2009 ], [ -77.0629, 5.2051 ], [ -77.0664, 5.2048 ], [ -77.0699, 5.2016 ], [ -77.0701, 5.1983 ], [ -77.0732, 5.1955 ], [ -77.0698, 5.1935 ], [ -77.0694, 5.1854 ], [ -77.0717, 5.1841 ], [ -77.0707, 5.1823 ], [ -77.0728, 5.1808 ], [ -77.0797, 5.1872 ], [ -77.0863, 5.1894 ], [ -77.0898, 5.1885 ], [ -77.0955, 5.1938 ], [ -77.0968, 5.1989 ], [ -77.1022, 5.2048 ], [ -77.1026, 5.211 ], [ -77.1072, 5.2203 ], [ -77.1129, 5.2162 ], [ -77.1171, 5.2049 ], [ -77.1244, 5.2037 ], [ -77.1278, 5.2009 ], [ -77.1297, 5.2043 ], [ -77.1275, 5.2118 ], [ -77.132, 5.2167 ], [ -77.136, 5.2123 ], [ -77.1372, 5.2007 ], [ -77.1399, 5.1984 ], [ -77.1407, 5.1933 ], [ -77.1526, 5.1875 ], [ -77.1544, 5.185 ], [ -77.1585, 5.1858 ], [ -77.1597, 5.1843 ], [ -77.1585, 5.1784 ], [ -77.1618, 5.1764 ], [ -77.1615, 5.1732 ], [ -77.16, 5.1698 ], [ -77.1545, 5.1679 ], [ -77.1551, 5.1643 ], [ -77.1569, 5.1646 ], [ -77.1601, 5.1603 ], [ -77.1617, 5.1608 ], [ -77.1689, 5.1572 ], [ -77.1696, 5.1602 ], [ -77.1672, 5.1608 ], [ -77.1688, 5.1628 ], [ -77.1743, 5.1588 ], [ -77.1763, 5.1553 ], [ -77.1775, 5.1502 ], [ -77.1754, 5.1489 ], [ -77.1781, 5.1473 ], [ -77.1786, 5.1439 ], [ -77.1763, 5.1313 ], [ -77.1784, 5.1244 ], [ -77.182, 5.1232 ], [ -77.1803, 5.1187 ], [ -77.1826, 5.117 ], [ -77.1818, 5.1124 ], [ -77.184, 5.1059 ], [ -77.1852, 5.1043 ], [ -77.1912, 5.1038 ], [ -77.1894, 5.0982 ], [ -77.1952, 5.1044 ], [ -77.1969, 5.1027 ], [ -77.1955, 5.0994 ], [ -77.1987, 5.101 ], [ -77.2034, 5.0959 ], [ -77.2057, 5.0995 ], [ -77.2102, 5.0962 ], [ -77.2135, 5.0992 ], [ -77.2213, 5.0983 ], [ -77.2264, 5.1014 ], [ -77.2204, 5.1049 ], [ -77.2208, 5.1084 ], [ -77.2226, 5.1093 ], [ -77.2266, 5.1069 ], [ -77.2295, 5.1071 ], [ -77.2361, 5.1117 ], [ -77.2356, 5.1086 ], [ -77.2319, 5.1062 ], [ -77.2332, 5.0997 ], [ -77.2444, 5.0909 ], [ -77.246, 5.0835 ], [ -77.2443, 5.0784 ], [ -77.2366, 5.068 ], [ -77.2334, 5.053 ], [ -77.234, 5.0418 ], [ -77.23, 5.037 ], [ -77.2306, 5.0329 ], [ -77.2417, 5.025 ], [ -77.2417, 5.0153 ], [ -77.2405, 5.012 ], [ -77.2315, 5.0053 ], [ -77.229, 4.9995 ], [ -77.239, 4.9985 ], [ -77.2481, 4.9953 ], [ -77.2611, 4.9967 ], [ -77.2628, 4.9984 ], [ -77.2699, 4.9955 ], [ -77.271, 4.9986 ], [ -77.2733, 4.9987 ], [ -77.282, 4.9914 ], [ -77.2836, 4.9852 ], [ -77.2811, 4.9736 ], [ -77.2791, 4.9699 ], [ -77.276, 4.9681 ], [ -77.2688, 4.9719 ], [ -77.2648, 4.9788 ], [ -77.2523, 4.9772 ], [ -77.2465, 4.968 ], [ -77.2382, 4.9669 ], [ -77.2333, 4.969 ], [ -77.2244, 4.9775 ], [ -77.2207, 4.9891 ], [ -77.217, 4.9935 ], [ -77.218, 5.0016 ], [ -77.2023, 5.0054 ], [ -77.1801, 5.0029 ], [ -77.1679, 5.0047 ], [ -77.1676, 5.0129 ], [ -77.1603, 5.0191 ], [ -77.1527, 5.0327 ], [ -77.1489, 5.0352 ], [ -77.1406, 5.0339 ], [ -77.1285, 5.0209 ], [ -77.1255, 5.0154 ], [ -77.1202, 5.0137 ], [ -77.1105, 5.0134 ], [ -77.1014, 5.0083 ], [ -77.0952, 4.9973 ], [ -77.0906, 4.9972 ], [ -77.0835, 4.9921 ], [ -77.086, 4.9867 ], [ -77.0814, 4.9822 ], [ -77.086, 4.981 ], [ -77.0865, 4.9787 ], [ -77.0898, 4.9774 ], [ -77.0883, 4.9752 ], [ -77.0928, 4.9732 ], [ -77.0971, 4.9758 ], [ -77.1058, 4.9694 ], [ -77.1063, 4.9672 ], [ -77.1098, 4.9657 ], [ -77.1094, 4.9621 ], [ -77.1157, 4.9607 ], [ -77.1176, 4.9564 ], [ -77.1198, 4.9568 ], [ -77.1268, 4.9525 ], [ -77.13, 4.9523 ], [ -77.1302, 4.9497 ], [ -77.1281, 4.947 ], [ -77.1292, 4.9459 ], [ -77.1254, 4.9457 ], [ -77.1261, 4.944 ], [ -77.1293, 4.9432 ], [ -77.1283, 4.9401 ], [ -77.1294, 4.9359 ], [ -77.1353, 4.93 ], [ -77.1322, 4.9243 ], [ -77.1303, 4.926 ], [ -77.1294, 4.9242 ], [ -77.1276, 4.9249 ], [ -77.1277, 4.9225 ], [ -77.1256, 4.9229 ], [ -77.1211, 4.9199 ], [ -77.118, 4.9235 ], [ -77.1182, 4.9216 ], [ -77.1162, 4.9222 ], [ -77.1079, 4.9152 ], [ -77.1044, 4.9099 ], [ -77.0993, 4.9091 ], [ -77.0893, 4.9173 ], [ -77.082, 4.9202 ], [ -77.0821, 4.9245 ], [ -77.0852, 4.9303 ], [ -77.0862, 4.9432 ], [ -77.0846, 4.9461 ], [ -77.0725, 4.9547 ], [ -77.062, 4.9505 ], [ -77.0534, 4.9437 ], [ -77.0493, 4.9486 ], [ -77.04, 4.9411 ], [ -77.0317, 4.9453 ], [ -77.0267, 4.9456 ], [ -77.0224, 4.9406 ], [ -77.0213, 4.935 ], [ -77.016, 4.9319 ], [ -77.0067, 4.9338 ], [ -77.0032, 4.9295 ], [ -76.9878, 4.927 ], [ -76.9828, 4.9207 ], [ -76.9777, 4.9181 ], [ -76.9774, 4.9159 ], [ -76.9731, 4.9119 ], [ -76.9705, 4.9049 ], [ -76.9748, 4.8993 ], [ -76.9716, 4.8934 ], [ -76.9759, 4.8893 ], [ -76.9788, 4.8817 ], [ -76.9838, 4.8755 ], [ -76.9821, 4.8721 ], [ -76.9833, 4.8701 ], [ -76.9863, 4.8703 ], [ -76.9881, 4.8724 ], [ -76.994, 4.8714 ], [ -76.9942, 4.8671 ], [ -76.9989, 4.8582 ], [ -76.9985, 4.8545 ], [ -76.994, 4.8569 ], [ -76.9901, 4.8498 ], [ -76.9891, 4.8509 ], [ -76.9854, 4.8474 ], [ -76.9696, 4.8407 ], [ -76.9509, 4.8399 ], [ -76.9406, 4.8315 ], [ -76.9363, 4.824 ], [ -76.935, 4.8163 ], [ -76.9363, 4.7863 ], [ -76.9352, 4.7826 ], [ -76.9323, 4.7797 ], [ -76.9346, 4.7748 ], [ -76.9434, 4.775 ], [ -76.9473, 4.7696 ], [ -76.9639, 4.7593 ], [ -76.9651, 4.7607 ], [ -76.9644, 4.7661 ], [ -76.9669, 4.7661 ], [ -76.972, 4.7701 ], [ -76.98, 4.7682 ], [ -76.9915, 4.7502 ], [ -76.991, 4.7454 ], [ -76.9939, 4.7367 ], [ -77.0024, 4.7339 ], [ -77.005, 4.7311 ], [ -77.0131, 4.7362 ], [ -77.0307, 4.7384 ], [ -77.0339, 4.7368 ], [ -77.0333, 4.7343 ], [ -77.0375, 4.7295 ], [ -77.0388, 4.7222 ], [ -77.0368, 4.7149 ], [ -77.0374, 4.7117 ], [ -77.0432, 4.7067 ], [ -77.0536, 4.7077 ], [ -77.0537, 4.7105 ], [ -77.0574, 4.7088 ], [ -77.0572, 4.7063 ], [ -77.052, 4.7019 ], [ -77.057, 4.7008 ], [ -77.0581, 4.6857 ], [ -77.0536, 4.6832 ], [ -77.0511, 4.6784 ], [ -77.0567, 4.6756 ], [ -77.0626, 4.6701 ], [ -77.0662, 4.67 ], [ -77.0751, 4.6658 ], [ -77.0776, 4.6686 ], [ -77.0892, 4.6727 ], [ -77.0953, 4.6767 ], [ -77.105, 4.677 ], [ -77.1068, 4.6715 ], [ -77.1017, 4.6638 ], [ -77.1011, 4.6579 ], [ -77.1178, 4.6429 ], [ -77.123, 4.6262 ], [ -77.1344, 4.6171 ], [ -77.1425, 4.6065 ], [ -77.1437, 4.5912 ], [ -77.134, 4.5888 ], [ -77.1331, 4.5873 ], [ -77.1349, 4.5803 ], [ -77.134, 4.5662 ], [ -77.1427, 4.5585 ], [ -77.1426, 4.5536 ], [ -77.1505, 4.5439 ], [ -77.1496, 4.5327 ], [ -77.1586, 4.5268 ], [ -77.1602, 4.5221 ], [ -77.1475, 4.5042 ], [ -77.1334, 4.5026 ], [ -77.1134, 4.5042 ], [ -77.111, 4.4983 ], [ -77.0962, 4.4974 ], [ -77.0813, 4.5043 ], [ -77.0763, 4.5124 ], [ -77.0688, 4.5128 ], [ -77.0603, 4.5105 ], [ -77.0593, 4.5087 ], [ -77.0566, 4.4903 ], [ -77.0574, 4.4878 ], [ -77.0624, 4.4861 ], [ -77.0636, 4.4812 ], [ -77.0623, 4.4767 ], [ -77.0655, 4.4765 ], [ -77.0695, 4.4735 ], [ -77.0728, 4.4755 ], [ -77.077, 4.4816 ], [ -77.0793, 4.4801 ], [ -77.0862, 4.4852 ], [ -77.0963, 4.4831 ], [ -77.1022, 4.485 ], [ -77.1066, 4.4816 ], [ -77.1072, 4.4689 ], [ -77.1043, 4.4663 ], [ -77.106, 4.4632 ], [ -77.1051, 4.4612 ], [ -77.1074, 4.4597 ], [ -77.1052, 4.4581 ], [ -77.1076, 4.4552 ], [ -77.1049, 4.4454 ], [ -77.1079, 4.4422 ], [ -77.1133, 4.443 ], [ -77.1159, 4.4472 ], [ -77.1182, 4.4458 ], [ -77.1172, 4.4475 ], [ -77.1232, 4.4551 ], [ -77.1267, 4.4537 ], [ -77.1265, 4.4513 ], [ -77.1299, 4.4532 ], [ -77.1301, 4.4483 ], [ -77.1326, 4.446 ], [ -77.1427, 4.446 ], [ -77.1435, 4.4432 ], [ -77.1455, 4.4439 ], [ -77.1472, 4.4422 ], [ -77.1587, 4.4397 ], [ -77.1628, 4.4399 ], [ -77.1659, 4.4457 ], [ -77.1647, 4.4476 ], [ -77.1684, 4.45 ], [ -77.1712, 4.4494 ], [ -77.1714, 4.451 ], [ -77.1746, 4.4496 ], [ -77.1763, 4.4468 ], [ -77.1829, 4.4467 ], [ -77.1838, 4.445 ], [ -77.1863, 4.4469 ], [ -77.188, 4.4449 ], [ -77.1897, 4.4454 ], [ -77.1905, 4.4434 ], [ -77.1935, 4.4435 ], [ -77.1911, 4.4458 ], [ -77.1955, 4.4484 ], [ -77.1976, 4.4479 ], [ -77.2004, 4.4521 ], [ -77.2, 4.4547 ], [ -77.2032, 4.4563 ], [ -77.2003, 4.4596 ], [ -77.2019, 4.4674 ], [ -77.2065, 4.4661 ], [ -77.2105, 4.4702 ], [ -77.208, 4.4758 ], [ -77.2149, 4.4759 ], [ -77.2196, 4.4803 ], [ -77.2172, 4.4814 ], [ -77.2251, 4.4846 ], [ -77.2248, 4.4873 ], [ -77.2286, 4.4912 ], [ -77.2323, 4.4919 ], [ -77.2346, 4.4905 ], [ -77.2353, 4.4932 ], [ -77.2422, 4.4936 ], [ -77.2426, 4.4954 ], [ -77.2382, 4.4974 ], [ -77.2416, 4.4974 ], [ -77.2413, 4.4998 ], [ -77.2446, 4.5016 ], [ -77.2435, 4.5044 ], [ -77.2445, 4.5072 ], [ -77.2415, 4.51 ], [ -77.2434, 4.5104 ], [ -77.247, 4.5156 ], [ -77.2514, 4.5143 ], [ -77.2516, 4.5192 ], [ -77.2537, 4.519 ], [ -77.256, 4.5218 ], [ -77.252, 4.5242 ], [ -77.2531, 4.526 ], [ -77.2509, 4.5276 ], [ -77.2521, 4.5308 ], [ -77.254, 4.5315 ], [ -77.2572, 4.5301 ], [ -77.2573, 4.533 ], [ -77.2678, 4.5348 ], [ -77.2684, 4.5384 ], [ -77.2743, 4.5368 ], [ -77.2745, 4.5396 ], [ -77.2765, 4.5407 ], [ -77.2745, 4.5442 ], [ -77.2774, 4.5461 ], [ -77.2729, 4.5531 ], [ -77.2801, 4.5544 ], [ -77.2765, 4.5586 ], [ -77.2801, 4.5599 ], [ -77.2829, 4.5588 ], [ -77.2819, 4.5628 ], [ -77.2867, 4.5637 ], [ -77.2911, 4.569 ], [ -77.293, 4.5685 ], [ -77.2936, 4.5634 ], [ -77.298, 4.562 ], [ -77.2992, 4.5655 ], [ -77.302, 4.5661 ], [ -77.3037, 4.562 ], [ -77.3063, 4.5643 ], [ -77.3036, 4.5696 ], [ -77.3085, 4.5735 ], [ -77.3126, 4.5743 ], [ -77.3218, 4.5706 ], [ -77.3255, 4.5732 ], [ -77.3234, 4.615 ], [ -77.3265, 4.6574 ], [ -77.3249, 4.6671 ], [ -77.3215, 4.6729 ], [ -77.3187, 4.6729 ], [ -77.3196, 4.6701 ], [ -77.3183, 4.6664 ], [ -77.3163, 4.6663 ], [ -77.3157, 4.6607 ], [ -77.3126, 4.6576 ], [ -77.3126, 4.6546 ], [ -77.3157, 4.649 ], [ -77.3129, 4.6376 ], [ -77.3151, 4.6268 ], [ -77.3132, 4.616 ], [ -77.3163, 4.6124 ], [ -77.311, 4.6071 ], [ -77.3104, 4.6043 ], [ -77.3046, 4.5999 ], [ -77.3046, 4.5982 ], [ -77.3035, 4.5993 ], [ -77.3043, 4.6015 ], [ -77.3093, 4.6051 ], [ -77.3104, 4.6085 ], [ -77.3146, 4.6124 ], [ -77.3115, 4.6165 ], [ -77.3135, 4.6212 ], [ -77.3135, 4.6271 ], [ -77.3115, 4.6326 ], [ -77.311, 4.6379 ], [ -77.3126, 4.6443 ], [ -77.311, 4.6476 ], [ -77.3029, 4.6401 ], [ -77.299, 4.6404 ], [ -77.2962, 4.6426 ], [ -77.2935, 4.6418 ], [ -77.2951, 4.636 ], [ -77.2896, 4.6326 ], [ -77.2921, 4.6304 ], [ -77.2918, 4.6279 ], [ -77.2887, 4.6329 ], [ -77.294, 4.6363 ], [ -77.2915, 4.6399 ], [ -77.2926, 4.6435 ], [ -77.296, 4.644 ], [ -77.3018, 4.6418 ], [ -77.3057, 4.6451 ], [ -77.3049, 4.6551 ], [ -77.3063, 4.6607 ], [ -77.3043, 4.6621 ], [ -77.3063, 4.6638 ], [ -77.306, 4.6754 ], [ -77.3035, 4.6779 ], [ -77.2985, 4.6776 ], [ -77.301, 4.6801 ], [ -77.2993, 4.6899 ], [ -77.3037, 4.6979 ], [ -77.304, 4.7001 ], [ -77.3024, 4.7015 ], [ -77.3054, 4.7046 ], [ -77.3063, 4.7096 ], [ -77.3024, 4.7057 ], [ -77.3012, 4.706 ], [ -77.3043, 4.7104 ], [ -77.3079, 4.7118 ], [ -77.3054, 4.7146 ], [ -77.3099, 4.714 ], [ -77.3085, 4.7121 ], [ -77.3112, 4.7113 ], [ -77.3076, 4.7104 ], [ -77.3085, 4.7051 ], [ -77.3018, 4.6893 ], [ -77.3021, 4.6865 ], [ -77.3096, 4.6807 ], [ -77.3163, 4.6865 ], [ -77.322, 4.6879 ], [ -77.3259, 4.6865 ], [ -77.3279, 4.6885 ], [ -77.329, 4.6968 ], [ -77.3257, 4.7054 ], [ -77.3276, 4.726 ], [ -77.3257, 4.7432 ], [ -77.3243, 4.746 ], [ -77.3163, 4.7454 ], [ -77.3135, 4.7432 ], [ -77.3, 4.7389 ], [ -77.2899, 4.7373 ], [ -77.2832, 4.7326 ], [ -77.2808, 4.7345 ], [ -77.2808, 4.7366 ], [ -77.2903, 4.7435 ], [ -77.3043, 4.749 ], [ -77.3051, 4.7579 ], [ -77.314, 4.774 ], [ -77.314, 4.7763 ], [ -77.309, 4.7779 ], [ -77.3093, 4.7815 ], [ -77.311, 4.7787 ], [ -77.3129, 4.7787 ], [ -77.3193, 4.7815 ], [ -77.3246, 4.7789 ], [ -77.3282, 4.7818 ], [ -77.326, 4.779 ], [ -77.3276, 4.7746 ], [ -77.3421, 4.781 ], [ -77.3426, 4.7785 ], [ -77.339, 4.7763 ], [ -77.3404, 4.7738 ], [ -77.3429, 4.7738 ], [ -77.3468, 4.7774 ], [ -77.3471, 4.7851 ], [ -77.3374, 4.7904 ], [ -77.3357, 4.7929 ], [ -77.3332, 4.7926 ], [ -77.331, 4.7979 ], [ -77.3276, 4.7993 ], [ -77.3282, 4.8026 ], [ -77.3204, 4.8035 ], [ -77.3132, 4.7999 ], [ -77.3074, 4.7999 ], [ -77.306, 4.8015 ], [ -77.3149, 4.8029 ], [ -77.3196, 4.8054 ], [ -77.3251, 4.8051 ], [ -77.3201, 4.8137 ], [ -77.3074, 4.814 ], [ -77.3204, 4.8154 ], [ -77.3235, 4.8171 ], [ -77.3226, 4.8143 ], [ -77.3246, 4.8126 ], [ -77.3437, 4.8037 ], [ -77.3457, 4.8043 ], [ -77.3501, 4.8137 ], [ -77.3551, 4.8426 ], [ -77.3568, 4.8451 ], [ -77.3565, 4.8499 ], [ -77.3599, 4.8549 ], [ -77.3596, 4.8599 ], [ -77.3618, 4.8607 ], [ -77.3637, 4.8676 ], [ -77.3621, 4.8776 ], [ -77.3557, 4.8807 ], [ -77.3579, 4.8785 ], [ -77.3579, 4.8751 ], [ -77.351, 4.8765 ], [ -77.3512, 4.869 ], [ -77.3487, 4.8682 ], [ -77.349, 4.8643 ], [ -77.3426, 4.861 ], [ -77.3404, 4.8574 ], [ -77.3407, 4.8479 ], [ -77.3382, 4.8476 ], [ -77.3371, 4.8393 ], [ -77.3335, 4.836 ], [ -77.3249, 4.8385 ], [ -77.3224, 4.8335 ], [ -77.3229, 4.8407 ], [ -77.324, 4.839 ], [ -77.3343, 4.8385 ], [ -77.336, 4.8426 ], [ -77.3351, 4.8524 ], [ -77.326, 4.8546 ], [ -77.3365, 4.856 ], [ -77.336, 4.864 ], [ -77.3368, 4.869 ], [ -77.339, 4.8688 ], [ -77.3399, 4.8785 ], [ -77.3487, 4.8876 ], [ -77.344, 4.9004 ], [ -77.3379, 4.9013 ], [ -77.3412, 4.9032 ], [ -77.344, 4.9021 ], [ -77.3471, 4.8968 ], [ -77.3499, 4.8979 ], [ -77.3504, 4.8935 ], [ -77.3526, 4.8971 ], [ -77.3538, 4.8904 ], [ -77.3585, 4.8929 ], [ -77.3607, 4.9135 ], [ -77.3632, 4.9232 ], [ -77.3674, 4.9299 ], [ -77.3701, 4.9477 ], [ -77.3655, 4.9456 ], [ -77.3617, 4.9462 ], [ -77.3655, 4.9497 ], [ -77.371, 4.9517 ], [ -77.3751, 4.9585 ], [ -77.374, 4.9815 ], [ -77.376, 5.0138 ], [ -77.3754, 5.0182 ], [ -77.374, 5.0179 ], [ -77.3729, 5.0138 ], [ -77.3729, 5.0201 ], [ -77.3765, 5.0261 ], [ -77.3754, 5.0379 ], [ -77.3779, 5.0482 ], [ -77.3798, 5.0746 ], [ -77.379, 5.0838 ], [ -77.3749, 5.0876 ], [ -77.3732, 5.0799 ], [ -77.3613, 5.0715 ], [ -77.3549, 5.0713 ], [ -77.3471, 5.0765 ], [ -77.3479, 5.0665 ], [ -77.3446, 5.0613 ], [ -77.3507, 5.0593 ], [ -77.3401, 5.0621 ], [ -77.3374, 5.0621 ], [ -77.3337, 5.0596 ], [ -77.3326, 5.0601 ], [ -77.3385, 5.0632 ], [ -77.3432, 5.0621 ], [ -77.3454, 5.0668 ], [ -77.3437, 5.0782 ], [ -77.3468, 5.0804 ], [ -77.346, 5.0824 ], [ -77.3521, 5.0763 ], [ -77.359, 5.0732 ], [ -77.3621, 5.0738 ], [ -77.369, 5.0804 ], [ -77.364, 5.0904 ], [ -77.3657, 5.1065 ], [ -77.3729, 5.1104 ], [ -77.3704, 5.1143 ], [ -77.3737, 5.1126 ], [ -77.3757, 5.1071 ], [ -77.3832, 5.1071 ], [ -77.3832, 5.1265 ], [ -77.3857, 5.1393 ], [ -77.3851, 5.1507 ], [ -77.3812, 5.1524 ], [ -77.3799, 5.151 ], [ -77.3804, 5.1415 ], [ -77.3788, 5.1363 ], [ -77.3729, 5.1326 ], [ -77.3646, 5.1229 ], [ -77.3693, 5.1304 ], [ -77.3788, 5.1399 ], [ -77.3749, 5.1485 ], [ -77.364, 5.1443 ], [ -77.3549, 5.136 ], [ -77.3529, 5.1365 ], [ -77.3554, 5.1376 ], [ -77.3557, 5.1401 ], [ -77.3499, 5.1376 ], [ -77.3371, 5.1396 ], [ -77.3365, 5.1424 ], [ -77.3379, 5.1424 ], [ -77.3382, 5.1401 ], [ -77.3485, 5.139 ], [ -77.3529, 5.141 ], [ -77.3463, 5.1524 ], [ -77.3474, 5.1562 ], [ -77.3576, 5.1671 ], [ -77.359, 5.171 ], [ -77.3549, 5.1738 ], [ -77.3485, 5.1693 ], [ -77.3451, 5.1701 ], [ -77.3499, 5.171 ], [ -77.3543, 5.1749 ], [ -77.3599, 5.1726 ], [ -77.3601, 5.1682 ], [ -77.3524, 5.1585 ], [ -77.3499, 5.1529 ], [ -77.3524, 5.1454 ], [ -77.3565, 5.1424 ], [ -77.3701, 5.1551 ], [ -77.3726, 5.1593 ], [ -77.3726, 5.1685 ], [ -77.3774, 5.1796 ], [ -77.3776, 5.1846 ], [ -77.376, 5.1913 ], [ -77.3651, 5.1976 ], [ -77.3587, 5.1982 ], [ -77.354, 5.1954 ], [ -77.3485, 5.1946 ], [ -77.3451, 5.1963 ], [ -77.3418, 5.2013 ], [ -77.3376, 5.1957 ], [ -77.3335, 5.1976 ], [ -77.3379, 5.1968 ], [ -77.3412, 5.2046 ], [ -77.3437, 5.2043 ], [ -77.3479, 5.1965 ], [ -77.3507, 5.1968 ], [ -77.3524, 5.1999 ], [ -77.3615, 5.2013 ], [ -77.3726, 5.1982 ], [ -77.3779, 5.1946 ], [ -77.3818, 5.1874 ], [ -77.3832, 5.1585 ], [ -77.3915, 5.1576 ], [ -77.3943, 5.1613 ], [ -77.3965, 5.1685 ], [ -77.3954, 5.1785 ], [ -77.3921, 5.1874 ], [ -77.3882, 5.221 ], [ -77.3893, 5.2538 ], [ -77.3832, 5.2501 ], [ -77.3849, 5.2529 ], [ -77.3851, 5.259 ], [ -77.3901, 5.266 ], [ -77.3915, 5.2743 ], [ -77.3913, 5.2829 ], [ -77.3887, 5.289 ], [ -77.3876, 5.2901 ], [ -77.3849, 5.289 ], [ -77.3824, 5.2799 ], [ -77.3776, 5.2788 ], [ -77.3746, 5.266 ], [ -77.3657, 5.2585 ], [ -77.3693, 5.2521 ], [ -77.3704, 5.246 ], [ -77.3735, 5.2432 ], [ -77.3724, 5.2393 ], [ -77.3746, 5.239 ], [ -77.374, 5.2362 ], [ -77.3726, 5.236 ], [ -77.3729, 5.2379 ], [ -77.3701, 5.2401 ], [ -77.3721, 5.2435 ], [ -77.369, 5.2468 ], [ -77.3679, 5.2524 ], [ -77.3651, 5.2551 ], [ -77.3635, 5.2607 ], [ -77.3615, 5.2568 ], [ -77.3613, 5.2501 ], [ -77.3574, 5.2488 ], [ -77.3532, 5.2488 ], [ -77.3501, 5.2507 ], [ -77.3474, 5.2496 ], [ -77.349, 5.2515 ], [ -77.3529, 5.2496 ], [ -77.3613, 5.2513 ], [ -77.3587, 5.2571 ], [ -77.3593, 5.261 ], [ -77.3637, 5.2654 ], [ -77.3701, 5.266 ], [ -77.3718, 5.2696 ], [ -77.3693, 5.2771 ], [ -77.3688, 5.2865 ], [ -77.3649, 5.2882 ], [ -77.3643, 5.2938 ], [ -77.3701, 5.2957 ], [ -77.3718, 5.3024 ], [ -77.3693, 5.3088 ], [ -77.3729, 5.3104 ], [ -77.3779, 5.3168 ], [ -77.3785, 5.3229 ], [ -77.366, 5.3282 ], [ -77.3651, 5.3307 ], [ -77.3682, 5.3279 ], [ -77.3726, 5.3268 ], [ -77.3749, 5.3282 ], [ -77.3804, 5.3271 ], [ -77.3915, 5.319 ], [ -77.3982, 5.3215 ], [ -77.4037, 5.3274 ], [ -77.4026, 5.3365 ], [ -77.4007, 5.3365 ], [ -77.3938, 5.3437 ], [ -77.3868, 5.3426 ], [ -77.389, 5.3485 ], [ -77.3863, 5.3524 ], [ -77.389, 5.3513 ], [ -77.3915, 5.3568 ], [ -77.3863, 5.3626 ], [ -77.3932, 5.3571 ], [ -77.3951, 5.3463 ], [ -77.3976, 5.3463 ], [ -77.4026, 5.3501 ], [ -77.4126, 5.4065 ], [ -77.4107, 5.4107 ], [ -77.4093, 5.4107 ], [ -77.4037, 5.4038 ], [ -77.3979, 5.404 ], [ -77.3932, 5.4001 ], [ -77.3882, 5.391 ], [ -77.3832, 5.3885 ], [ -77.3893, 5.3946 ], [ -77.3932, 5.4063 ], [ -77.3876, 5.4087 ], [ -77.3818, 5.4076 ], [ -77.3807, 5.4082 ], [ -77.3829, 5.4099 ], [ -77.3954, 5.4085 ], [ -77.3965, 5.4193 ], [ -77.3896, 5.4188 ], [ -77.3826, 5.4213 ], [ -77.3911, 5.4223 ], [ -77.3934, 5.4271 ], [ -77.3901, 5.4241 ], [ -77.3921, 5.4304 ], [ -77.3899, 5.4338 ], [ -77.3896, 5.4421 ], [ -77.3851, 5.4421 ], [ -77.381, 5.4463 ], [ -77.3846, 5.4435 ], [ -77.3907, 5.4432 ], [ -77.3943, 5.4438 ], [ -77.3951, 5.446 ], [ -77.3957, 5.4417 ], [ -77.4016, 5.4418 ], [ -77.404, 5.4431 ], [ -77.4026, 5.4449 ], [ -77.4037, 5.4479 ], [ -77.4006, 5.4525 ], [ -77.4082, 5.4535 ], [ -77.418, 5.4466 ], [ -77.42, 5.4474 ], [ -77.4209, 5.441 ], [ -77.4193, 5.4357 ], [ -77.4226, 5.4349 ], [ -77.419, 5.4351 ], [ -77.419, 5.434 ], [ -77.4249, 5.4318 ], [ -77.4296, 5.4413 ], [ -77.4293, 5.4585 ], [ -77.4279, 5.4624 ], [ -77.4299, 5.4679 ], [ -77.4386, 5.4782 ], [ -77.4416, 5.4789 ], [ -77.4438, 5.4774 ], [ -77.4437, 5.4798 ], [ -77.4539, 5.488 ], [ -77.4567, 5.4874 ], [ -77.4648, 5.49 ], [ -77.4657, 5.4862 ], [ -77.4691, 5.4894 ], [ -77.4736, 5.4902 ], [ -77.4749, 5.485 ], [ -77.4781, 5.4857 ], [ -77.4883, 5.479 ], [ -77.4876, 5.4772 ], [ -77.4926, 5.4687 ], [ -77.4946, 5.4751 ], [ -77.4989, 5.4782 ], [ -77.5113, 5.4824 ], [ -77.521, 5.482 ], [ -77.5255, 5.48 ], [ -77.5362, 5.4826 ], [ -77.5382, 5.484 ], [ -77.5363, 5.4888 ], [ -77.5382, 5.4884 ], [ -77.5351, 5.4904 ], [ -77.5335, 5.4965 ], [ -77.5275, 5.4981 ], [ -77.523, 5.5052 ], [ -77.5169, 5.5025 ], [ -77.5079, 5.5028 ], [ -77.5082, 5.4966 ], [ -77.5066, 5.4947 ], [ -77.4983, 5.4969 ], [ -77.4918, 5.4955 ], [ -77.4903, 5.4965 ], [ -77.4924, 5.5232 ], [ -77.4837, 5.5249 ], [ -77.4808, 5.5274 ], [ -77.479, 5.5263 ], [ -77.481, 5.5172 ], [ -77.4788, 5.5153 ], [ -77.4788, 5.5123 ], [ -77.4738, 5.5101 ], [ -77.4706, 5.511 ], [ -77.4666, 5.5155 ], [ -77.4575, 5.5169 ], [ -77.4526, 5.5192 ], [ -77.4507, 5.5301 ], [ -77.449, 5.5313 ], [ -77.4387, 5.5335 ], [ -77.4271, 5.5383 ], [ -77.4209, 5.5364 ], [ -77.4207, 5.5401 ], [ -77.4247, 5.5464 ], [ -77.4244, 5.5488 ], [ -77.4111, 5.5534 ], [ -77.4095, 5.5527 ], [ -77.4089, 5.546 ], [ -77.4061, 5.5439 ], [ -77.4018, 5.5453 ], [ -77.3972, 5.5503 ], [ -77.3942, 5.5511 ], [ -77.3912, 5.5493 ], [ -77.3923, 5.5592 ], [ -77.3891, 5.565 ], [ -77.3796, 5.5558 ], [ -77.3801, 5.5497 ], [ -77.3784, 5.5454 ], [ -77.3764, 5.5446 ], [ -77.3719, 5.5481 ], [ -77.3681, 5.5487 ], [ -77.3484, 5.5489 ], [ -77.3453, 5.5457 ], [ -77.3414, 5.5509 ], [ -77.331, 5.5527 ], [ -77.3251, 5.5562 ], [ -77.3215, 5.5514 ], [ -77.3228, 5.508 ], [ -77.3211, 5.5044 ], [ -77.3182, 5.5031 ], [ -77.319, 5.4983 ], [ -77.3153, 5.4963 ], [ -77.3107, 5.4973 ], [ -77.31, 5.5014 ], [ -77.3061, 5.5028 ], [ -77.3064, 5.493 ], [ -77.2907, 5.4857 ], [ -77.2913, 5.4834 ] ] ], [ [ [ -77.3724, 5.2818 ], [ -77.3707, 5.2796 ], [ -77.3712, 5.2754 ], [ -77.3726, 5.2771 ], [ -77.3724, 5.2818 ] ] ], [ [ [ -77.4026, 5.4226 ], [ -77.4021, 5.4204 ], [ -77.3987, 5.419 ], [ -77.3965, 5.4154 ], [ -77.3974, 5.4079 ], [ -77.4035, 5.4096 ], [ -77.4029, 5.4143 ], [ -77.4051, 5.4163 ], [ -77.4057, 5.4201 ], [ -77.4046, 5.4229 ], [ -77.4026, 5.4226 ] ] ] ] } },
{ "type": "Feature", "properties": { "GID_2": "COL.13.7_2", "GID_0": "COL", "COUNTRY": "Colombia", "GID_1": "COL.13_2", "NAME_1": "Chocó", "NL_NAME_1": "NA", "NAME_2": "BeléndeBajirá", "VARNAME_2": "NA", "NL_NAME_2": "NA", "TYPE_2": "Municipio", "ENGTYPE_2": "Municipality", "CC_2": "NA", "HASC_2": "CO.CH.BE", "ppt_mean": 4091.0582819378569, "rad_mean": 4.2847853751594238, "elev_mean": 44.201820340324495, "elev_max": 706.0, "pend_mean": 2.4562473027583915, "pot_kw_count": null, "pot_kw_sum": null, "pot_kw_mean": null, "salto_m_count": null, "salto_m_sum": null, "salto_m_mean": null, "DIS_AV_CMS_count": null, "DIS_AV_CMS_sum": null, "DIS_AV_CMS_mean": null, "nombre": "Belén de Bajirá", "rios_pch": "Río Sucio; Río Tumaradocito; Río Bajirá; Río Pavarandó; Río Uradá; Río Chocó", "n_rios": 6, "pch_mw": 0.0, "vocacion": "PCH + Solar" }, "geometry": { "type": "MultiPolygon", "coordinates": [ [ [ [ -76.4782, 7.1427 ], [ -76.4792, 7.1383 ], [ -76.4779, 7.1323 ], [ -76.4806, 7.1298 ], [ -76.4882, 7.1298 ], [ -76.4901, 7.1306 ], [ -76.4919, 7.135 ], [ -76.4977, 7.1352 ], [ -76.4971, 7.1561 ], [ -76.5663, 7.1387 ], [ -76.5728, 7.154 ], [ -76.5807, 7.1647 ], [ -76.5804, 7.174 ], [ -76.5869, 7.185 ], [ -76.5915, 7.1896 ], [ -76.6019, 7.1928 ], [ -76.632, 7.2088 ], [ -76.6374, 7.2152 ], [ -76.6438, 7.2166 ], [ -76.641, 7.2262 ], [ -76.6424, 7.2373 ], [ -76.6575, 7.254 ], [ -76.6657, 7.2579 ], [ -76.6486, 7.2644 ], [ -76.735, 7.3265 ], [ -76.7361, 7.329 ], [ -76.7407, 7.3308 ], [ -76.7428, 7.3229 ], [ -76.7496, 7.3265 ], [ -76.7525, 7.3247 ], [ -76.7532, 7.32 ], [ -76.77, 7.3121 ], [ -76.7739, 7.3075 ], [ -76.7785, 7.3078 ], [ -76.7864, 7.3049 ], [ -76.7942, 7.2992 ], [ -76.8006, 7.2977 ], [ -76.8057, 7.3006 ], [ -76.811, 7.3005 ], [ -76.8164, 7.2969 ], [ -76.8296, 7.2965 ], [ -76.841, 7.2936 ], [ -76.842, 7.2829 ], [ -76.8399, 7.2754 ], [ -76.8498, 7.2486 ], [ -76.8572, 7.2432 ], [ -76.8554, 7.2393 ], [ -76.8565, 7.229 ], [ -76.865, 7.2257 ], [ -76.8654, 7.2157 ], [ -76.8675, 7.2132 ], [ -76.8711, 7.2132 ], [ -76.8739, 7.2186 ], [ -76.8851, 7.2289 ], [ -76.884, 7.2342 ], [ -76.8946, 7.2791 ], [ -76.895, 7.2948 ], [ -76.8968, 7.2967 ], [ -76.8931, 7.3193 ], [ -76.8932, 7.3295 ], [ -76.9035, 7.3518 ], [ -76.9648, 7.3983 ], [ -76.9812, 7.4186 ], [ -77.0037, 7.4327 ], [ -77.0099, 7.4531 ], [ -77.0631, 7.5037 ], [ -77.0735, 7.5464 ], [ -77.0431, 7.575 ], [ -76.9982, 7.5793 ], [ -76.9819, 7.5793 ], [ -76.951, 7.6133 ], [ -76.9472, 7.6147 ], [ -76.9385, 7.612 ], [ -76.9149, 7.5886 ], [ -76.9092, 7.5867 ], [ -76.8829, 7.5841 ], [ -76.8536, 7.5895 ], [ -76.8328, 7.583 ], [ -76.8129, 7.5823 ], [ -76.8068, 7.5791 ], [ -76.7986, 7.5724 ], [ -76.7936, 7.5654 ], [ -76.7579, 7.4963 ], [ -76.7522, 7.4704 ], [ -76.7541, 7.4523 ], [ -76.7487, 7.4396 ], [ -76.7494, 7.416 ], [ -76.7435, 7.3564 ], [ -76.741, 7.3496 ], [ -76.7372, 7.3462 ], [ -76.7284, 7.3466 ], [ -76.7261, 7.3438 ], [ -76.7272, 7.3393 ], [ -76.7318, 7.3358 ], [ -76.7327, 7.3307 ], [ -76.7299, 7.3306 ], [ -76.7272, 7.3355 ], [ -76.7196, 7.3303 ], [ -76.7154, 7.3303 ], [ -76.7144, 7.3271 ], [ -76.7116, 7.3257 ], [ -76.7137, 7.3246 ], [ -76.7131, 7.3182 ], [ -76.7082, 7.3159 ], [ -76.7059, 7.3166 ], [ -76.7037, 7.3211 ], [ -76.7002, 7.3219 ], [ -76.6967, 7.326 ], [ -76.6939, 7.3264 ], [ -76.6856, 7.3194 ], [ -76.6782, 7.3163 ], [ -76.6775, 7.3108 ], [ -76.6752, 7.3089 ], [ -76.6686, 7.3124 ], [ -76.6623, 7.3104 ], [ -76.6606, 7.318 ], [ -76.6544, 7.3174 ], [ -76.6519, 7.3228 ], [ -76.6482, 7.3235 ], [ -76.641, 7.3221 ], [ -76.6392, 7.3169 ], [ -76.6372, 7.3159 ], [ -76.6302, 7.3176 ], [ -76.6212, 7.3149 ], [ -76.6169, 7.3165 ], [ -76.6147, 7.3132 ], [ -76.6098, 7.3124 ], [ -76.6051, 7.3078 ], [ -76.6001, 7.3081 ], [ -76.5966, 7.3035 ], [ -76.5925, 7.3052 ], [ -76.5916, 7.3018 ], [ -76.5873, 7.3026 ], [ -76.5868, 7.298 ], [ -76.5835, 7.2978 ], [ -76.5841, 7.3017 ], [ -76.5822, 7.3043 ], [ -76.5783, 7.3043 ], [ -76.5779, 7.3009 ], [ -76.574, 7.2978 ], [ -76.5698, 7.2905 ], [ -76.5672, 7.2798 ], [ -76.5609, 7.2714 ], [ -76.5497, 7.2657 ], [ -76.5455, 7.2606 ], [ -76.5431, 7.2599 ], [ -76.5415, 7.2563 ], [ -76.5387, 7.2552 ], [ -76.5333, 7.2579 ], [ -76.5302, 7.2544 ], [ -76.5238, 7.2346 ], [ -76.519, 7.2312 ], [ -76.5192, 7.2265 ], [ -76.513, 7.2219 ], [ -76.5123, 7.2134 ], [ -76.508, 7.2053 ], [ -76.5089, 7.2032 ], [ -76.5032, 7.1983 ], [ -76.504, 7.1953 ], [ -76.501, 7.1945 ], [ -76.4999, 7.1924 ], [ -76.5021, 7.1907 ], [ -76.501, 7.1871 ], [ -76.5033, 7.1855 ], [ -76.5039, 7.1817 ], [ -76.5001, 7.1763 ], [ -76.5006, 7.1714 ], [ -76.4955, 7.1661 ], [ -76.4952, 7.1604 ], [ -76.4929, 7.156 ], [ -76.4879, 7.1545 ], [ -76.4826, 7.1463 ], [ -76.4782, 7.1427 ] ] ] ] } },
{ "type": "Feature", "properties": { "GID_2": "COL.13.8_2", "GID_0": "COL", "COUNTRY": "Colombia", "GID_1": "COL.13_2", "NAME_1": "Chocó", "NL_NAME_1": "NA", "NAME_2": "Bojayá", "VARNAME_2": "NA", "NL_NAME_2": "NA", "TYPE_2": "Municipio", "ENGTYPE_2": "Municipality", "CC_2": "NA", "HASC_2": "CO.CH.BO", "ppt_mean": 5602.6989727593682, "rad_mean": 3.5754485320520666, "elev_mean": 196.17442042887367, "elev_max": 1112.0, "pend_mean": 8.1763618220416028, "pot_kw_count": 50, "pot_kw_sum": 1120029.98832, "pot_kw_mean": 22400.599766, "salto_m_count": 50, "salto_m_sum": 2318.0, "salto_m_mean": 46.36, "DIS_AV_CMS_count": 50, "DIS_AV_CMS_sum": 2860.93, "DIS_AV_CMS_mean": 57.2186, "nombre": "Bojayá", "rios_pch": "Río Bojayá; Río Atrato; Río Opogadó; Río Cuía; Río Napipí; Río Doguadó; Río Chicué; Río Uva; Río Buchado; Río Pogué", "n_rios": 26, "pch_mw": 1120.0, "vocacion": "PCH" }, "geometry": { "type": "MultiPolygon", "coordinates": [ [ [ [ -76.9125, 6.8451 ], [ -76.9173, 6.8424 ], [ -76.9241, 6.8305 ], [ -76.9269, 6.8288 ], [ -76.9306, 6.8157 ], [ -76.9331, 6.8123 ], [ -76.9373, 6.8123 ], [ -76.944, 6.8153 ], [ -76.9577, 6.8155 ], [ -76.9696, 6.8133 ], [ -76.9726, 6.8083 ], [ -76.9726, 6.7978 ], [ -76.9693, 6.7953 ], [ -76.96, 6.7951 ], [ -76.9574, 6.7927 ], [ -76.9645, 6.7868 ], [ -76.965, 6.7742 ], [ -76.9622, 6.764 ], [ -76.9679, 6.7469 ], [ -76.9675, 6.7432 ], [ -76.9633, 6.7386 ], [ -76.9568, 6.7254 ], [ -76.9533, 6.7233 ], [ -76.9468, 6.7248 ], [ -76.9406, 6.7234 ], [ -76.9372, 6.7204 ], [ -76.9335, 6.7117 ], [ -76.9416, 6.7068 ], [ -76.9455, 6.6973 ], [ -76.9525, 6.6908 ], [ -76.9589, 6.6901 ], [ -76.9621, 6.6877 ], [ -76.9639, 6.6849 ], [ -76.9638, 6.6788 ], [ -76.9599, 6.6752 ], [ -76.9517, 6.6746 ], [ -76.9458, 6.6783 ], [ -76.942, 6.6847 ], [ -76.9405, 6.6849 ], [ -76.9374, 6.6546 ], [ -76.9349, 6.6509 ], [ -76.9265, 6.6472 ], [ -76.9231, 6.6475 ], [ -76.9203, 6.6499 ], [ -76.9172, 6.6606 ], [ -76.9078, 6.6709 ], [ -76.9013, 6.6712 ], [ -76.8967, 6.667 ], [ -76.8951, 6.6628 ], [ -76.8964, 6.6581 ], [ -76.9099, 6.6444 ], [ -76.9126, 6.6377 ], [ -76.9115, 6.6331 ], [ -76.9055, 6.6281 ], [ -76.9005, 6.6271 ], [ -76.8736, 6.6301 ], [ -76.862, 6.6262 ], [ -76.8589, 6.6201 ], [ -76.8604, 6.6135 ], [ -76.8644, 6.6084 ], [ -76.8703, 6.608 ], [ -76.8773, 6.6099 ], [ -76.8841, 6.6091 ], [ -76.8895, 6.6058 ], [ -76.8988, 6.5886 ], [ -76.8996, 6.5804 ], [ -76.8968, 6.5756 ], [ -76.8841, 6.5599 ], [ -76.8812, 6.5611 ], [ -76.874, 6.57 ], [ -76.8694, 6.572 ], [ -76.8603, 6.5696 ], [ -76.8521, 6.5619 ], [ -76.8489, 6.5538 ], [ -76.8474, 6.5364 ], [ -76.8418, 6.522 ], [ -76.8376, 6.5203 ], [ -76.8293, 6.5249 ], [ -76.8243, 6.5255 ], [ -76.8211, 6.5249 ], [ -76.8192, 6.5224 ], [ -76.8238, 6.5087 ], [ -76.8207, 6.4862 ], [ -76.8189, 6.4857 ], [ -76.8156, 6.4879 ], [ -76.805, 6.5068 ], [ -76.8005, 6.5077 ], [ -76.7979, 6.5067 ], [ -76.7893, 6.4946 ], [ -76.7779, 6.4893 ], [ -76.7679, 6.4779 ], [ -76.7673, 6.4707 ], [ -76.7692, 6.4667 ], [ -76.772, 6.4648 ], [ -76.776, 6.4658 ], [ -76.7777, 6.475 ], [ -76.7815, 6.4755 ], [ -76.7839, 6.4601 ], [ -76.7937, 6.4515 ], [ -76.7962, 6.4425 ], [ -76.7958, 6.4374 ], [ -76.7917, 6.4339 ], [ -76.7827, 6.4333 ], [ -76.7691, 6.4402 ], [ -76.7656, 6.4386 ], [ -76.762, 6.433 ], [ -76.7627, 6.428 ], [ -76.7673, 6.4232 ], [ -76.7756, 6.4207 ], [ -76.7888, 6.4248 ], [ -76.7936, 6.4225 ], [ -76.7955, 6.4182 ], [ -76.7955, 6.4137 ], [ -76.7933, 6.4098 ], [ -76.7702, 6.3976 ], [ -76.7654, 6.392 ], [ -76.7656, 6.3854 ], [ -76.7692, 6.38 ], [ -76.7819, 6.3826 ], [ -76.7866, 6.3789 ], [ -76.785, 6.3725 ], [ -76.7748, 6.3702 ], [ -76.7726, 6.3684 ], [ -76.7721, 6.3604 ], [ -76.7871, 6.3533 ], [ -76.7906, 6.3437 ], [ -76.7975, 6.3432 ], [ -76.805, 6.3469 ], [ -76.8104, 6.3409 ], [ -76.8149, 6.3405 ], [ -76.8169, 6.3446 ], [ -76.824, 6.3405 ], [ -76.8229, 6.337 ], [ -76.8298, 6.3331 ], [ -76.8297, 6.3254 ], [ -76.8358, 6.3203 ], [ -76.8325, 6.3143 ], [ -76.8361, 6.3095 ], [ -76.8334, 6.3018 ], [ -76.8336, 6.299 ], [ -76.8369, 6.2952 ], [ -76.8366, 6.2895 ], [ -76.8387, 6.2886 ], [ -76.839, 6.2866 ], [ -76.8548, 6.2773 ], [ -76.8616, 6.2709 ], [ -76.8653, 6.2701 ], [ -76.8675, 6.2653 ], [ -76.8721, 6.2647 ], [ -76.8726, 6.2617 ], [ -76.8752, 6.2608 ], [ -76.8763, 6.2573 ], [ -76.8811, 6.2523 ], [ -76.8918, 6.2466 ], [ -76.891, 6.2429 ], [ -76.8952, 6.2397 ], [ -76.895, 6.2368 ], [ -76.8966, 6.2364 ], [ -76.8995, 6.2364 ], [ -76.9022, 6.2392 ], [ -76.922, 6.2365 ], [ -76.9288, 6.2387 ], [ -76.9324, 6.2365 ], [ -76.9367, 6.2387 ], [ -76.9386, 6.2362 ], [ -76.9421, 6.2366 ], [ -76.9494, 6.2345 ], [ -76.9533, 6.2376 ], [ -76.9557, 6.2462 ], [ -76.9594, 6.2506 ], [ -76.9672, 6.2494 ], [ -76.9695, 6.2508 ], [ -76.9752, 6.2605 ], [ -76.9869, 6.2618 ], [ -76.9907, 6.2638 ], [ -77.0035, 6.2775 ], [ -77.0047, 6.2821 ], [ -77.0148, 6.2868 ], [ -77.0184, 6.2915 ], [ -77.0224, 6.2908 ], [ -77.0242, 6.2937 ], [ -77.0301, 6.2954 ], [ -77.0371, 6.2936 ], [ -77.0407, 6.2896 ], [ -77.0407, 6.2844 ], [ -77.0449, 6.2818 ], [ -77.0438, 6.2741 ], [ -77.0511, 6.2712 ], [ -77.0592, 6.2615 ], [ -77.0641, 6.2503 ], [ -77.0645, 6.2449 ], [ -77.0665, 6.2414 ], [ -77.0716, 6.2378 ], [ -77.0765, 6.224 ], [ -77.0766, 6.2152 ], [ -77.0722, 6.2191 ], [ -77.0678, 6.22 ], [ -77.0554, 6.2189 ], [ -77.0533, 6.2151 ], [ -77.0523, 6.2057 ], [ -77.0533, 6.1935 ], [ -77.0518, 6.1906 ], [ -77.0556, 6.1871 ], [ -77.0545, 6.1764 ], [ -77.0579, 6.1572 ], [ -77.0717, 6.1383 ], [ -77.0762, 6.1379 ], [ -77.0769, 6.1323 ], [ -77.0904, 6.132 ], [ -77.0981, 6.1284 ], [ -77.103, 6.1164 ], [ -77.1062, 6.1 ], [ -77.124, 6.0747 ], [ -77.1386, 6.0592 ], [ -77.1487, 6.0572 ], [ -77.1524, 6.0513 ], [ -77.1703, 6.0469 ], [ -77.1964, 6.0522 ], [ -77.2135, 6.0415 ], [ -77.2238, 6.0401 ], [ -77.2312, 6.0367 ], [ -77.2365, 6.0369 ], [ -77.2428, 6.0306 ], [ -77.2451, 6.0237 ], [ -77.248, 6.0219 ], [ -77.2701, 6.0244 ], [ -77.2722, 6.0257 ], [ -77.2722, 6.0279 ], [ -77.2699, 6.0323 ], [ -77.2697, 6.0366 ], [ -77.2711, 6.0408 ], [ -77.2747, 6.0431 ], [ -77.2749, 6.0483 ], [ -77.2773, 6.0522 ], [ -77.2805, 6.0538 ], [ -77.2871, 6.0512 ], [ -77.2915, 6.0525 ], [ -77.288, 6.0656 ], [ -77.2904, 6.0729 ], [ -77.2901, 6.0772 ], [ -77.2892, 6.0792 ], [ -77.2875, 6.0792 ], [ -77.2728, 6.0747 ], [ -77.2744, 6.0781 ], [ -77.2788, 6.0815 ], [ -77.2799, 6.0884 ], [ -77.2621, 6.1089 ], [ -77.2523, 6.1259 ], [ -77.2411, 6.1344 ], [ -77.2217, 6.1361 ], [ -77.2177, 6.1451 ], [ -77.2173, 6.1602 ], [ -77.2211, 6.1637 ], [ -77.2235, 6.1636 ], [ -77.231, 6.1733 ], [ -77.2326, 6.1784 ], [ -77.232, 6.1912 ], [ -77.2365, 6.2041 ], [ -77.2401, 6.2045 ], [ -77.2465, 6.2106 ], [ -77.2448, 6.223 ], [ -77.2352, 6.2298 ], [ -77.2305, 6.239 ], [ -77.233, 6.2416 ], [ -77.2393, 6.2401 ], [ -77.2448, 6.2442 ], [ -77.2487, 6.2524 ], [ -77.2632, 6.2616 ], [ -77.2797, 6.2639 ], [ -77.2824, 6.2666 ], [ -77.2878, 6.2678 ], [ -77.3039, 6.2651 ], [ -77.3111, 6.2615 ], [ -77.3152, 6.2746 ], [ -77.3253, 6.283 ], [ -77.3289, 6.2881 ], [ -77.3276, 6.293 ], [ -77.3178, 6.2984 ], [ -77.3121, 6.3068 ], [ -77.3021, 6.3144 ], [ -77.2999, 6.3207 ], [ -77.2938, 6.3299 ], [ -77.2816, 6.3357 ], [ -77.2792, 6.3383 ], [ -77.2874, 6.3859 ], [ -77.2943, 6.3941 ], [ -77.2974, 6.3956 ], [ -77.3015, 6.3966 ], [ -77.3069, 6.394 ], [ -77.3174, 6.3983 ], [ -77.3189, 6.4012 ], [ -77.3167, 6.4034 ], [ -77.3114, 6.4048 ], [ -77.3062, 6.4207 ], [ -77.3071, 6.4287 ], [ -77.3124, 6.4392 ], [ -77.3061, 6.4458 ], [ -77.3048, 6.4561 ], [ -77.3017, 6.4654 ], [ -77.3106, 6.473 ], [ -77.3219, 6.4782 ], [ -77.324, 6.4852 ], [ -77.3212, 6.4898 ], [ -77.3232, 6.4928 ], [ -77.321, 6.5018 ], [ -77.3225, 6.5087 ], [ -77.3205, 6.5144 ], [ -77.3137, 6.5188 ], [ -77.3115, 6.5224 ], [ -77.3045, 6.5494 ], [ -77.3117, 6.5588 ], [ -77.3139, 6.5706 ], [ -77.3176, 6.5791 ], [ -77.3205, 6.5807 ], [ -77.3272, 6.5796 ], [ -77.3284, 6.5859 ], [ -77.3269, 6.5941 ], [ -77.3337, 6.597 ], [ -77.3407, 6.6039 ], [ -77.3447, 6.6091 ], [ -77.3453, 6.6157 ], [ -77.348, 6.6173 ], [ -77.3595, 6.6167 ], [ -77.3619, 6.6206 ], [ -77.366, 6.6228 ], [ -77.3717, 6.6236 ], [ -77.3751, 6.6213 ], [ -77.3779, 6.6226 ], [ -77.3794, 6.6299 ], [ -77.3791, 6.6426 ], [ -77.3732, 6.6498 ], [ -77.3681, 6.6615 ], [ -77.3714, 6.6696 ], [ -77.3668, 6.6737 ], [ -77.366, 6.6819 ], [ -77.3608, 6.6944 ], [ -77.3624, 6.6976 ], [ -77.3716, 6.7013 ], [ -77.3853, 6.7038 ], [ -77.3885, 6.7074 ], [ -77.3895, 6.7159 ], [ -77.3838, 6.7224 ], [ -77.3653, 6.7283 ], [ -77.3553, 6.738 ], [ -77.3471, 6.7587 ], [ -77.3418, 6.7636 ], [ -77.3404, 6.7696 ], [ -77.3344, 6.7779 ], [ -77.3199, 6.7713 ], [ -77.314, 6.7664 ], [ -77.3071, 6.7652 ], [ -77.281, 6.7721 ], [ -77.2619, 6.7869 ], [ -77.2474, 6.7844 ], [ -77.2394, 6.7859 ], [ -77.2221, 6.7929 ], [ -77.2084, 6.7917 ], [ -77.1951, 6.794 ], [ -77.1777, 6.7993 ], [ -77.1388, 6.8054 ], [ -77.1302, 6.8033 ], [ -77.1271, 6.801 ], [ -77.1229, 6.7947 ], [ -77.1184, 6.7796 ], [ -77.1122, 6.7741 ], [ -77.1058, 6.772 ], [ -77.1035, 6.7782 ], [ -77.0988, 6.78 ], [ -77.0987, 6.7878 ], [ -77.096, 6.7908 ], [ -77.0902, 6.7921 ], [ -77.09, 6.7983 ], [ -77.0862, 6.801 ], [ -77.0905, 6.8093 ], [ -77.0887, 6.815 ], [ -77.0816, 6.8163 ], [ -77.0728, 6.8131 ], [ -77.0542, 6.833 ], [ -77.0484, 6.8359 ], [ -77.0336, 6.8386 ], [ -77.0153, 6.8493 ], [ -77.0081, 6.8568 ], [ -76.9977, 6.8611 ], [ -76.9933, 6.8692 ], [ -76.9871, 6.8731 ], [ -76.9805, 6.8744 ], [ -76.9777, 6.8776 ], [ -76.9763, 6.8686 ], [ -76.9786, 6.8623 ], [ -76.9729, 6.8529 ], [ -76.9693, 6.8505 ], [ -76.9594, 6.8518 ], [ -76.951, 6.8501 ], [ -76.9446, 6.8515 ], [ -76.9341, 6.8594 ], [ -76.9279, 6.8616 ], [ -76.9084, 6.8603 ], [ -76.9007, 6.8621 ], [ -76.8973, 6.8611 ], [ -76.8982, 6.8549 ], [ -76.9096, 6.8443 ], [ -76.9125, 6.8451 ] ] ] ] } },
{ "type": "Feature", "properties": { "GID_2": "COL.13.9_2", "GID_0": "COL", "COUNTRY": "Colombia", "GID_1": "COL.13_2", "NAME_1": "Chocó", "NL_NAME_1": "NA", "NAME_2": "Cértegui", "VARNAME_2": "NA", "NL_NAME_2": "NA", "TYPE_2": "Municipio", "ENGTYPE_2": "Municipality", "CC_2": "NA", "HASC_2": "CO.CH.CE", "ppt_mean": 7715.4012026497849, "rad_mean": 3.5261300409620473, "elev_mean": 102.94954142605688, "elev_max": 201.0, "pend_mean": 3.1825291384399117, "pot_kw_count": null, "pot_kw_sum": null, "pot_kw_mean": null, "salto_m_count": null, "salto_m_sum": null, "salto_m_mean": null, "DIS_AV_CMS_count": null, "DIS_AV_CMS_sum": null, "DIS_AV_CMS_mean": null, "nombre": "Cértegui", "rios_pch": "Río Certegui", "n_rios": 1, "pch_mw": 0.0, "vocacion": "PCH" }, "geometry": { "type": "MultiPolygon", "coordinates": [ [ [ [ -76.6859, 5.4405 ], [ -76.6711, 5.436 ], [ -76.6533, 5.4333 ], [ -76.6425, 5.4282 ], [ -76.6328, 5.4288 ], [ -76.6316, 5.4227 ], [ -76.6353, 5.4135 ], [ -76.6283, 5.4118 ], [ -76.6261, 5.4148 ], [ -76.6225, 5.4159 ], [ -76.6215, 5.4114 ], [ -76.6165, 5.4118 ], [ -76.6129, 5.4144 ], [ -76.6069, 5.4127 ], [ -76.6026, 5.4151 ], [ -76.6004, 5.4193 ], [ -76.5918, 5.4233 ], [ -76.5892, 5.4223 ], [ -76.587, 5.4238 ], [ -76.5843, 5.4321 ], [ -76.5809, 5.4338 ], [ -76.5779, 5.4405 ], [ -76.5682, 5.4519 ], [ -76.5619, 5.4434 ], [ -76.5542, 5.4433 ], [ -76.5382, 5.4388 ], [ -76.5177, 5.4388 ], [ -76.5115, 5.437 ], [ -76.5064, 5.4327 ], [ -76.4936, 5.4326 ], [ -76.4891, 5.4263 ], [ -76.485, 5.4098 ], [ -76.4861, 5.4065 ], [ -76.4851, 5.4032 ], [ -76.4687, 5.3991 ], [ -76.4837, 5.365 ], [ -76.5006, 5.3382 ], [ -76.5449, 5.3012 ], [ -76.5584, 5.2955 ], [ -76.5772, 5.2907 ], [ -76.593, 5.2892 ], [ -76.5939, 5.2969 ], [ -76.6048, 5.3032 ], [ -76.609, 5.3122 ], [ -76.6077, 5.3167 ], [ -76.6035, 5.3205 ], [ -76.6043, 5.3233 ], [ -76.6026, 5.3242 ], [ -76.6038, 5.3281 ], [ -76.6053, 5.3273 ], [ -76.6117, 5.3327 ], [ -76.6104, 5.3439 ], [ -76.6124, 5.348 ], [ -76.6116, 5.3503 ], [ -76.613, 5.3498 ], [ -76.6143, 5.3529 ], [ -76.6139, 5.3567 ], [ -76.6168, 5.3566 ], [ -76.6245, 5.3518 ], [ -76.6262, 5.3524 ], [ -76.6247, 5.3597 ], [ -76.6297, 5.3731 ], [ -76.6326, 5.3736 ], [ -76.6305, 5.3679 ], [ -76.6322, 5.3633 ], [ -76.6305, 5.3547 ], [ -76.6335, 5.3535 ], [ -76.6506, 5.3534 ], [ -76.6528, 5.3564 ], [ -76.6514, 5.3606 ], [ -76.654, 5.3627 ], [ -76.6615, 5.3598 ], [ -76.6629, 5.3627 ], [ -76.6683, 5.3656 ], [ -76.6699, 5.37 ], [ -76.6688, 5.3717 ], [ -76.6802, 5.3823 ], [ -76.6799, 5.3871 ], [ -76.6818, 5.3867 ], [ -76.6827, 5.391 ], [ -76.6871, 5.3909 ], [ -76.687, 5.3933 ], [ -76.691, 5.395 ], [ -76.6875, 5.3989 ], [ -76.6861, 5.3981 ], [ -76.687, 5.4043 ], [ -76.6916, 5.4042 ], [ -76.6913, 5.4077 ], [ -76.6987, 5.4069 ], [ -76.7001, 5.4117 ], [ -76.7047, 5.4102 ], [ -76.7054, 5.4134 ], [ -76.7085, 5.4105 ], [ -76.711, 5.4108 ], [ -76.7101, 5.4145 ], [ -76.7142, 5.4143 ], [ -76.7122, 5.4176 ], [ -76.7161, 5.4144 ], [ -76.7183, 5.4149 ], [ -76.7159, 5.4197 ], [ -76.717, 5.4216 ], [ -76.7103, 5.4258 ], [ -76.6847, 5.4326 ], [ -76.6859, 5.4405 ] ] ] ] } },
{ "type": "Feature", "properties": { "GID_2": "COL.13.10_2", "GID_0": "COL", "COUNTRY": "Colombia", "GID_1": "COL.13_2", "NAME_1": "Chocó", "NL_NAME_1": "NA", "NAME_2": "Condotó", "VARNAME_2": "NA", "NL_NAME_2": "NA", "TYPE_2": "Municipio", "ENGTYPE_2": "Municipality", "CC_2": "NA", "HASC_2": "CO.CH.CO", "ppt_mean": 5383.4331697709958, "rad_mean": 3.6517812190580772, "elev_mean": 744.71344742913527, "elev_max": 3849.0, "pend_mean": 13.573600599186241, "pot_kw_count": 7, "pot_kw_sum": 71502.987716999996, "pot_kw_mean": 10214.712531, "salto_m_count": 7, "salto_m_sum": 357.0, "salto_m_mean": 51.0, "DIS_AV_CMS_count": 7, "DIS_AV_CMS_sum": 174.211, "DIS_AV_CMS_mean": 24.887286, "nombre": "Condoto", "rios_pch": "Río Condoto; Río Iró; Río Tajuato; Río Opogodó; Río Tarena Llorandó; Río Mondo; Río Grubatá; Río Irabubú; Río Tadocito", "n_rios": 9, "pch_mw": 71.5, "vocacion": "PCH" }, "geometry": { "type": "MultiPolygon", "coordinates": [ [ [ [ -76.723, 4.9872 ], [ -76.7305, 4.992 ], [ -76.7315, 4.9941 ], [ -76.7299, 4.9981 ], [ -76.7314, 5.0059 ], [ -76.721, 5.0212 ], [ -76.7173, 5.0322 ], [ -76.7169, 5.0481 ], [ -76.7103, 5.0546 ], [ -76.707, 5.0626 ], [ -76.7074, 5.0642 ], [ -76.712, 5.0654 ], [ -76.7127, 5.0678 ], [ -76.7105, 5.0693 ], [ -76.7045, 5.0694 ], [ -76.7034, 5.0712 ], [ -76.7049, 5.0746 ], [ -76.7007, 5.0725 ], [ -76.6981, 5.0732 ], [ -76.6966, 5.0799 ], [ -76.6873, 5.0925 ], [ -76.6915, 5.1035 ], [ -76.688, 5.1053 ], [ -76.6831, 5.1153 ], [ -76.6806, 5.1152 ], [ -76.673, 5.1211 ], [ -76.654, 5.1276 ], [ -76.6321, 5.1313 ], [ -76.5733, 5.1633 ], [ -76.5658, 5.1661 ], [ -76.5537, 5.1667 ], [ -76.5504, 5.1703 ], [ -76.5493, 5.1754 ], [ -76.5291, 5.1826 ], [ -76.5258, 5.178 ], [ -76.5195, 5.1761 ], [ -76.5084, 5.1803 ], [ -76.4839, 5.1629 ], [ -76.473, 5.1624 ], [ -76.4503, 5.1689 ], [ -76.4433, 5.1692 ], [ -76.4141, 5.1634 ], [ -76.3861, 5.1806 ], [ -76.381, 5.1873 ], [ -76.4038, 5.2098 ], [ -76.4162, 5.2142 ], [ -76.4249, 5.2297 ], [ -76.4341, 5.2327 ], [ -76.4694, 5.2294 ], [ -76.4465, 5.2404 ], [ -76.4269, 5.2626 ], [ -76.4091, 5.2755 ], [ -76.4009, 5.2762 ], [ -76.3755, 5.2675 ], [ -76.3467, 5.254 ], [ -76.3359, 5.2514 ], [ -76.3235, 5.2522 ], [ -76.291, 5.2591 ], [ -76.2678, 5.2674 ], [ -76.2518, 5.2662 ], [ -76.242, 5.2616 ], [ -76.2279, 5.2507 ], [ -76.2193, 5.2398 ], [ -76.2131, 5.2287 ], [ -76.1305, 5.2285 ], [ -76.1195, 5.2187 ], [ -76.1142, 5.2099 ], [ -76.1036, 5.1378 ], [ -76.0995, 5.1226 ], [ -76.1299, 5.1227 ], [ -76.1443, 5.1295 ], [ -76.1688, 5.1323 ], [ -76.1805, 5.1301 ], [ -76.2031, 5.1162 ], [ -76.2177, 5.1149 ], [ -76.2248, 5.1182 ], [ -76.2321, 5.116 ], [ -76.245, 5.1104 ], [ -76.2605, 5.0992 ], [ -76.2687, 5.0957 ], [ -76.3433, 5.086 ], [ -76.3653, 5.0793 ], [ -76.3753, 5.0795 ], [ -76.4097, 5.0754 ], [ -76.4186, 5.0717 ], [ -76.4239, 5.0669 ], [ -76.425, 5.0641 ], [ -76.4224, 5.059 ], [ -76.4227, 5.0552 ], [ -76.4335, 5.0382 ], [ -76.4408, 5.033 ], [ -76.443, 5.0267 ], [ -76.448, 5.0223 ], [ -76.4583, 5.0218 ], [ -76.4686, 5.0185 ], [ -76.4839, 4.999 ], [ -76.4922, 4.9934 ], [ -76.5342, 4.9961 ], [ -76.5418, 5.0003 ], [ -76.5559, 5.0018 ], [ -76.5811, 5.0073 ], [ -76.5842, 5.0068 ], [ -76.5923, 5.0014 ], [ -76.5955, 5.003 ], [ -76.5985, 5.0023 ], [ -76.6054, 5.0062 ], [ -76.6069, 5.0028 ], [ -76.6089, 5.0052 ], [ -76.6122, 5.0052 ], [ -76.6162, 4.9991 ], [ -76.6173, 4.994 ], [ -76.6199, 4.9917 ], [ -76.6247, 4.9901 ], [ -76.6316, 4.9913 ], [ -76.6361, 4.9868 ], [ -76.6413, 4.9913 ], [ -76.6414, 4.9988 ], [ -76.6445, 5.0012 ], [ -76.6484, 5.0017 ], [ -76.6591, 4.9955 ], [ -76.6916, 4.9963 ], [ -76.6964, 4.9957 ], [ -76.7094, 4.9892 ], [ -76.7183, 4.9925 ], [ -76.7231, 4.99 ], [ -76.723, 4.9872 ] ] ] ] } },
{ "type": "Feature", "properties": { "GID_2": "COL.13.11_2", "GID_0": "COL", "COUNTRY": "Colombia", "GID_1": "COL.13_2", "NAME_1": "Chocó", "NL_NAME_1": "NA", "NAME_2": "ElCantóndelSanPablo", "VARNAME_2": "SanPablo", "NL_NAME_2": "NA", "TYPE_2": "Municipio", "ENGTYPE_2": "Municipality", "CC_2": "NA", "HASC_2": "CO.CH", "ppt_mean": 7724.0926745731531, "rad_mean": 3.4011659800141318, "elev_mean": 96.957650045783737, "elev_max": 280.0, "pend_mean": 3.6325244475166514, "pot_kw_count": null, "pot_kw_sum": null, "pot_kw_mean": null, "salto_m_count": null, "salto_m_sum": null, "salto_m_mean": null, "DIS_AV_CMS_count": null, "DIS_AV_CMS_sum": null, "DIS_AV_CMS_mean": null, "nombre": "El Cantón del San Pablo", "rios_pch": "Río Taridó; Río San Pablo; Río Rijorodó; Río Berreberre; Río Certegui; Río Quito", "n_rios": 6, "pch_mw": 0.0, "vocacion": "PCH" }, "geometry": { "type": "MultiPolygon", "coordinates": [ [ [ [ -76.8603, 5.3877 ], [ -76.8562, 5.3941 ], [ -76.858, 5.4008 ], [ -76.861, 5.4024 ], [ -76.8595, 5.4068 ], [ -76.862, 5.4072 ], [ -76.8641, 5.4117 ], [ -76.8706, 5.4137 ], [ -76.8698, 5.4167 ], [ -76.8739, 5.4169 ], [ -76.8743, 5.4217 ], [ -76.8765, 5.422 ], [ -76.8791, 5.4255 ], [ -76.8814, 5.4255 ], [ -76.8839, 5.4293 ], [ -76.8932, 5.4266 ], [ -76.8962, 5.4265 ], [ -76.8987, 5.4284 ], [ -76.8838, 5.4794 ], [ -76.8797, 5.4845 ], [ -76.8819, 5.4916 ], [ -76.8759, 5.5143 ], [ -76.8714, 5.5096 ], [ -76.8645, 5.5076 ], [ -76.8558, 5.4969 ], [ -76.857, 5.4891 ], [ -76.8533, 5.4862 ], [ -76.8525, 5.4818 ], [ -76.8487, 5.4808 ], [ -76.8461, 5.4756 ], [ -76.8393, 5.4725 ], [ -76.8321, 5.4729 ], [ -76.8294, 5.476 ], [ -76.8158, 5.4639 ], [ -76.8148, 5.4592 ], [ -76.8123, 5.4565 ], [ -76.8144, 5.4485 ], [ -76.8122, 5.4438 ], [ -76.8115, 5.4359 ], [ -76.8036, 5.435 ], [ -76.7957, 5.4311 ], [ -76.7904, 5.4313 ], [ -76.7851, 5.4352 ], [ -76.7798, 5.4359 ], [ -76.7576, 5.425 ], [ -76.7466, 5.4162 ], [ -76.7417, 5.4141 ], [ -76.7324, 5.4162 ], [ -76.7233, 5.4244 ], [ -76.7204, 5.4209 ], [ -76.7159, 5.4205 ], [ -76.7178, 5.4144 ], [ -76.7122, 5.4176 ], [ -76.7142, 5.4143 ], [ -76.7101, 5.4145 ], [ -76.711, 5.4108 ], [ -76.7085, 5.4105 ], [ -76.7054, 5.4134 ], [ -76.7047, 5.4102 ], [ -76.7001, 5.4117 ], [ -76.6987, 5.4069 ], [ -76.6913, 5.4077 ], [ -76.6916, 5.4042 ], [ -76.687, 5.4043 ], [ -76.6861, 5.3981 ], [ -76.6875, 5.3989 ], [ -76.691, 5.3951 ], [ -76.687, 5.3933 ], [ -76.6871, 5.3909 ], [ -76.6827, 5.391 ], [ -76.6818, 5.3867 ], [ -76.6799, 5.3871 ], [ -76.6802, 5.3823 ], [ -76.6756, 5.3767 ], [ -76.6726, 5.376 ], [ -76.6697, 5.3729 ], [ -76.6683, 5.3656 ], [ -76.6619, 5.3616 ], [ -76.6616, 5.3598 ], [ -76.6642, 5.3588 ], [ -76.6643, 5.3549 ], [ -76.6613, 5.3529 ], [ -76.6628, 5.3498 ], [ -76.6607, 5.3477 ], [ -76.6568, 5.3477 ], [ -76.657, 5.3443 ], [ -76.6554, 5.3429 ], [ -76.652, 5.3292 ], [ -76.7028, 5.3346 ], [ -76.7084, 5.3314 ], [ -76.7135, 5.3349 ], [ -76.7244, 5.3296 ], [ -76.7265, 5.3262 ], [ -76.7241, 5.3243 ], [ -76.7215, 5.3241 ], [ -76.7235, 5.3258 ], [ -76.7227, 5.3265 ], [ -76.7183, 5.3233 ], [ -76.7148, 5.3239 ], [ -76.7151, 5.3221 ], [ -76.7039, 5.3171 ], [ -76.706, 5.3144 ], [ -76.7022, 5.3138 ], [ -76.7035, 5.3123 ], [ -76.7015, 5.3108 ], [ -76.7029, 5.3057 ], [ -76.6998, 5.3074 ], [ -76.6984, 5.3066 ], [ -76.7004, 5.3018 ], [ -76.6958, 5.3043 ], [ -76.6922, 5.2984 ], [ -76.6912, 5.298 ], [ -76.6904, 5.3004 ], [ -76.6788, 5.2962 ], [ -76.6794, 5.2939 ], [ -76.678, 5.2934 ], [ -76.6721, 5.2938 ], [ -76.6667, 5.283 ], [ -76.666, 5.278 ], [ -76.6607, 5.2767 ], [ -76.6587, 5.2698 ], [ -76.6555, 5.2694 ], [ -76.6514, 5.2716 ], [ -76.6754, 5.2395 ], [ -76.7028, 5.2452 ], [ -76.7517, 5.2488 ], [ -76.7398, 5.275 ], [ -76.7402, 5.2811 ], [ -76.7441, 5.2829 ], [ -76.7723, 5.2797 ], [ -76.7866, 5.2723 ], [ -76.7982, 5.2695 ], [ -76.8018, 5.2666 ], [ -76.8061, 5.2665 ], [ -76.8114, 5.2634 ], [ -76.8237, 5.2686 ], [ -76.8307, 5.2653 ], [ -76.8392, 5.2655 ], [ -76.8419, 5.2685 ], [ -76.838, 5.274 ], [ -76.838, 5.2841 ], [ -76.8297, 5.2933 ], [ -76.8339, 5.3002 ], [ -76.8318, 5.3045 ], [ -76.8351, 5.3062 ], [ -76.8321, 5.311 ], [ -76.8337, 5.3196 ], [ -76.8252, 5.3266 ], [ -76.8255, 5.3447 ], [ -76.8308, 5.3521 ], [ -76.8391, 5.3575 ], [ -76.8456, 5.3665 ], [ -76.8456, 5.3733 ], [ -76.8488, 5.377 ], [ -76.8565, 5.3799 ], [ -76.8603, 5.3877 ] ] ] ] } },
{ "type": "Feature", "properties": { "GID_2": "COL.13.12_2", "GID_0": "COL", "COUNTRY": "Colombia", "GID_1": "COL.13_2", "NAME_1": "Chocó", "NL_NAME_1": "NA", "NAME_2": "ElCarmendeAtrato", "VARNAME_2": "ElCarmen", "NL_NAME_2": "NA", "TYPE_2": "Municipio", "ENGTYPE_2": "Municipality", "CC_2": "NA", "HASC_2": "CO.CH.EC", "ppt_mean": 4461.1829667664424, "rad_mean": 4.2405650000353621, "elev_mean": 1549.6360937602428, "elev_max": 3704.0, "pend_mean": 20.724181981520552, "pot_kw_count": 21, "pot_kw_sum": 679214.69384900003, "pot_kw_mean": 32343.55685, "salto_m_count": 21, "salto_m_sum": 1899.0, "salto_m_mean": 90.428571, "DIS_AV_CMS_count": 21, "DIS_AV_CMS_sum": 982.583, "DIS_AV_CMS_mean": 46.789667, "nombre": "El Carmen de Atrato", "rios_pch": "Río Atrato; Río Carmen; Río El Ciervo; Río Bravo; Río Habita; Río San Pablo", "n_rios": 6, "pch_mw": 679.2, "vocacion": "PCH" }, "geometry": { "type": "MultiPolygon", "coordinates": [ [ [ [ -76.0996, 5.6761 ], [ -76.1048, 5.6707 ], [ -76.1295, 5.664 ], [ -76.1446, 5.6577 ], [ -76.1646, 5.646 ], [ -76.1908, 5.6227 ], [ -76.2008, 5.6157 ], [ -76.2043, 5.62 ], [ -76.2652, 5.6471 ], [ -76.2729, 5.6588 ], [ -76.3033, 5.676 ], [ -76.3076, 5.684 ], [ -76.3278, 5.6839 ], [ -76.332, 5.6809 ], [ -76.3352, 5.6731 ], [ -76.3401, 5.6682 ], [ -76.3627, 5.6703 ], [ -76.3687, 5.681 ], [ -76.3721, 5.7153 ], [ -76.3773, 5.7255 ], [ -76.3689, 5.7287 ], [ -76.3622, 5.7336 ], [ -76.3591, 5.7382 ], [ -76.355, 5.7493 ], [ -76.3516, 5.7709 ], [ -76.3474, 5.7834 ], [ -76.3346, 5.8041 ], [ -76.3059, 5.8317 ], [ -76.2803, 5.8517 ], [ -76.2639, 5.8623 ], [ -76.2577, 5.8723 ], [ -76.2415, 5.8913 ], [ -76.2144, 5.9192 ], [ -76.2121, 5.9239 ], [ -76.2106, 5.9407 ], [ -76.2125, 5.9572 ], [ -76.2077, 5.9702 ], [ -76.1988, 5.981 ], [ -76.165, 6.0107 ], [ -76.1548, 6.0223 ], [ -76.1506, 6.003 ], [ -76.1462, 6.0003 ], [ -76.1371, 5.9989 ], [ -76.1347, 5.9993 ], [ -76.1304, 6.0037 ], [ -76.1237, 6.0164 ], [ -76.1197, 6.0203 ], [ -76.1155, 6.0208 ], [ -76.1109, 6.0178 ], [ -76.1057, 6.0171 ], [ -76.0997, 6.0076 ], [ -76.0946, 6.0027 ], [ -76.0745, 5.9933 ], [ -76.0648, 5.9857 ], [ -76.0582, 5.9766 ], [ -76.0522, 5.9624 ], [ -76.0525, 5.9548 ], [ -76.0572, 5.944 ], [ -76.0543, 5.9316 ], [ -76.0554, 5.9299 ], [ -76.0613, 5.9264 ], [ -76.0743, 5.9275 ], [ -76.0974, 5.913 ], [ -76.1082, 5.8989 ], [ -76.1136, 5.8817 ], [ -76.116, 5.8545 ], [ -76.1133, 5.8495 ], [ -76.1071, 5.846 ], [ -76.1056, 5.8433 ], [ -76.1069, 5.8332 ], [ -76.1135, 5.8184 ], [ -76.1153, 5.8046 ], [ -76.1095, 5.7858 ], [ -76.1013, 5.7714 ], [ -76.1, 5.7423 ], [ -76.096, 5.7229 ], [ -76.1013, 5.6903 ], [ -76.0996, 5.6761 ] ] ] ] } },
{ "type": "Feature", "properties": { "GID_2": "COL.13.13_2", "GID_0": "COL", "COUNTRY": "Colombia", "GID_1": "COL.13_2", "NAME_1": "Chocó", "NL_NAME_1": "NA", "NAME_2": "ElCarmendelDarién", "VARNAME_2": "NA", "NL_NAME_2": "NA", "TYPE_2": "Municipio", "ENGTYPE_2": "Municipality", "CC_2": "NA", "HASC_2": "CO.CH.CD", "ppt_mean": 4513.8455200367034, "rad_mean": 3.9528745468218127, "elev_mean": 98.18436764716273, "elev_max": 1018.0, "pend_mean": 4.1560478656017699, "pot_kw_count": null, "pot_kw_sum": null, "pot_kw_mean": null, "salto_m_count": null, "salto_m_sum": null, "salto_m_mean": null, "DIS_AV_CMS_count": null, "DIS_AV_CMS_sum": null, "DIS_AV_CMS_mean": null, "nombre": "El Carmen del Darién", "rios_pch": "Río Atrato; Río Domingodó; Río Jiguamiandó; Río Doguadó; Río Sucio; Río Apartadó; Río Chintadó; Río Antadía; Río Sapallal; Río Urama", "n_rios": 20, "pch_mw": 0.0, "vocacion": "PCH" }, "geometry": { "type": "MultiPolygon", "coordinates": [ [ [ [ -76.4977, 7.1352 ], [ -76.5034, 7.137 ], [ -76.5057, 7.1173 ], [ -76.5099, 7.1086 ], [ -76.5175, 7.1051 ], [ -76.5164, 7.0957 ], [ -76.5238, 7.0936 ], [ -76.5252, 7.0913 ], [ -76.527, 7.0775 ], [ -76.5345, 7.0666 ], [ -76.5281, 7.0593 ], [ -76.5274, 7.0521 ], [ -76.5316, 7.0464 ], [ -76.5323, 7.0405 ], [ -76.526, 7.0246 ], [ -76.5263, 7.0173 ], [ -76.525, 7.0148 ], [ -76.522, 7.0138 ], [ -76.5225, 7.0101 ], [ -76.5291, 7.0047 ], [ -76.5354, 7.0046 ], [ -76.5344, 7.0087 ], [ -76.5411, 7.0079 ], [ -76.5442, 6.9979 ], [ -76.5538, 6.9881 ], [ -76.5589, 6.9865 ], [ -76.5669, 6.9767 ], [ -76.5683, 6.9791 ], [ -76.5795, 6.9807 ], [ -76.5803, 6.9893 ], [ -76.5843, 6.9965 ], [ -76.5859, 7.0058 ], [ -76.5882, 7.0094 ], [ -76.5923, 7.0086 ], [ -76.5938, 7.0039 ], [ -76.5984, 6.9982 ], [ -76.6014, 7.0052 ], [ -76.6063, 7.0111 ], [ -76.6111, 7.014 ], [ -76.6176, 7.0114 ], [ -76.6254, 7.0135 ], [ -76.6358, 7.0104 ], [ -76.641, 7.0057 ], [ -76.6469, 7.0079 ], [ -76.6524, 7.0154 ], [ -76.6657, 7.0198 ], [ -76.6715, 7.0251 ], [ -76.6774, 7.0207 ], [ -76.6915, 7.0206 ], [ -76.704, 7.0228 ], [ -76.8015, 6.9928 ], [ -76.8315, 6.9854 ], [ -76.8287, 6.9799 ], [ -76.8313, 6.9737 ], [ -76.8305, 6.9723 ], [ -76.8242, 6.9766 ], [ -76.818, 6.977 ], [ -76.8236, 6.9639 ], [ -76.8291, 6.9583 ], [ -76.8291, 6.9553 ], [ -76.8272, 6.9539 ], [ -76.8244, 6.9547 ], [ -76.8188, 6.9631 ], [ -76.8128, 6.9636 ], [ -76.8102, 6.9607 ], [ -76.8089, 6.9516 ], [ -76.8054, 6.9487 ], [ -76.8009, 6.9492 ], [ -76.8003, 6.9478 ], [ -76.8001, 6.9419 ], [ -76.797, 6.9341 ], [ -76.7988, 6.9266 ], [ -76.7967, 6.9067 ], [ -76.7928, 6.8998 ], [ -76.7926, 6.8948 ], [ -76.7887, 6.8912 ], [ -76.7894, 6.8872 ], [ -76.7874, 6.8802 ], [ -76.7898, 6.876 ], [ -76.7951, 6.8753 ], [ -76.7913, 6.8712 ], [ -76.7911, 6.8687 ], [ -76.797, 6.862 ], [ -76.8066, 6.8625 ], [ -76.8201, 6.8582 ], [ -76.8271, 6.8599 ], [ -76.8311, 6.8591 ], [ -76.8328, 6.8562 ], [ -76.832, 6.8541 ], [ -76.827, 6.8525 ], [ -76.8208, 6.8478 ], [ -76.8183, 6.8435 ], [ -76.8179, 6.8383 ], [ -76.82, 6.8352 ], [ -76.8296, 6.8394 ], [ -76.8335, 6.839 ], [ -76.8368, 6.8365 ], [ -76.8349, 6.8288 ], [ -76.85, 6.8348 ], [ -76.8535, 6.8437 ], [ -76.8566, 6.8466 ], [ -76.8615, 6.8462 ], [ -76.8647, 6.8434 ], [ -76.8754, 6.8509 ], [ -76.8834, 6.8461 ], [ -76.8892, 6.8371 ], [ -76.8938, 6.8362 ], [ -76.8966, 6.8317 ], [ -76.8995, 6.8316 ], [ -76.8978, 6.8327 ], [ -76.8994, 6.8339 ], [ -76.8986, 6.8351 ], [ -76.9014, 6.835 ], [ -76.911, 6.8417 ], [ -76.914, 6.8409 ], [ -76.9125, 6.8451 ], [ -76.9083, 6.8452 ], [ -76.8979, 6.8552 ], [ -76.8969, 6.8604 ], [ -76.9, 6.8621 ], [ -76.9084, 6.8603 ], [ -76.9225, 6.8622 ], [ -76.9296, 6.8613 ], [ -76.9446, 6.8515 ], [ -76.951, 6.8501 ], [ -76.9594, 6.8518 ], [ -76.9648, 6.8503 ], [ -76.9708, 6.8509 ], [ -76.9786, 6.8623 ], [ -76.9763, 6.8686 ], [ -76.9777, 6.8776 ], [ -76.9805, 6.8744 ], [ -76.9871, 6.8731 ], [ -76.9933, 6.8692 ], [ -76.9977, 6.8611 ], [ -77.0081, 6.8568 ], [ -77.0153, 6.8493 ], [ -77.0336, 6.8386 ], [ -77.0484, 6.8359 ], [ -77.0542, 6.833 ], [ -77.0728, 6.8131 ], [ -77.0816, 6.8163 ], [ -77.0887, 6.815 ], [ -77.0905, 6.8093 ], [ -77.0862, 6.801 ], [ -77.09, 6.7983 ], [ -77.0902, 6.7921 ], [ -77.096, 6.7908 ], [ -77.0987, 6.7878 ], [ -77.0988, 6.78 ], [ -77.1035, 6.7782 ], [ -77.1058, 6.772 ], [ -77.1122, 6.7741 ], [ -77.1184, 6.7796 ], [ -77.1229, 6.7947 ], [ -77.1271, 6.801 ], [ -77.1341, 6.8046 ], [ -77.1407, 6.8054 ], [ -77.1777, 6.7993 ], [ -77.1951, 6.794 ], [ -77.2084, 6.7917 ], [ -77.2221, 6.7929 ], [ -77.2394, 6.7859 ], [ -77.2469, 6.7845 ], [ -77.2619, 6.7869 ], [ -77.281, 6.7721 ], [ -77.3087, 6.7651 ], [ -77.314, 6.7664 ], [ -77.3199, 6.7713 ], [ -77.3344, 6.7779 ], [ -77.3375, 6.7865 ], [ -77.3413, 6.7896 ], [ -77.3427, 6.7932 ], [ -77.3448, 6.7934 ], [ -77.3476, 6.7992 ], [ -77.3534, 6.8018 ], [ -77.3535, 6.8035 ], [ -77.357, 6.8039 ], [ -77.3579, 6.8062 ], [ -77.3708, 6.806 ], [ -77.3768, 6.8122 ], [ -77.3918, 6.8192 ], [ -77.4063, 6.8226 ], [ -77.413, 6.8468 ], [ -77.408, 6.903 ], [ -77.4121, 6.9219 ], [ -77.4205, 6.9302 ], [ -77.4249, 6.9377 ], [ -77.4219, 6.9421 ], [ -77.4206, 6.9531 ], [ -77.4127, 6.9562 ], [ -77.4034, 6.954 ], [ -77.3876, 6.9563 ], [ -77.3771, 6.9603 ], [ -77.36, 6.9784 ], [ -77.3399, 6.9908 ], [ -77.3363, 6.9909 ], [ -77.3127, 7.0103 ], [ -77.2912, 7.0196 ], [ -77.282, 7.0342 ], [ -77.2763, 7.0399 ], [ -77.264, 7.04 ], [ -77.2609, 7.0457 ], [ -77.2632, 7.0549 ], [ -77.2672, 7.0615 ], [ -77.2677, 7.0699 ], [ -77.2612, 7.0888 ], [ -77.2269, 7.0995 ], [ -77.1983, 7.0935 ], [ -77.1842, 7.1023 ], [ -77.1816, 7.1017 ], [ -77.1523, 7.117 ], [ -77.1391, 7.1389 ], [ -77.1068, 7.1467 ], [ -77.106, 7.1818 ], [ -77.0985, 7.2065 ], [ -77.0919, 7.2274 ], [ -77.0712, 7.2607 ], [ -77.0417, 7.2637 ], [ -77.0056, 7.2534 ], [ -76.9927, 7.2571 ], [ -76.9903, 7.2653 ], [ -76.9942, 7.278 ], [ -77.0034, 7.2943 ], [ -77.0026, 7.2976 ], [ -76.9529, 7.3095 ], [ -76.8955, 7.3048 ], [ -76.8968, 7.2967 ], [ -76.895, 7.2948 ], [ -76.8946, 7.2791 ], [ -76.884, 7.2342 ], [ -76.8851, 7.2289 ], [ -76.8739, 7.2186 ], [ -76.8711, 7.2132 ], [ -76.8675, 7.2132 ], [ -76.8654, 7.2157 ], [ -76.865, 7.2257 ], [ -76.8565, 7.229 ], [ -76.8554, 7.2393 ], [ -76.8572, 7.2432 ], [ -76.8498, 7.2486 ], [ -76.8399, 7.2754 ], [ -76.842, 7.2829 ], [ -76.841, 7.2936 ], [ -76.8296, 7.2965 ], [ -76.8164, 7.2969 ], [ -76.811, 7.3005 ], [ -76.8057, 7.3006 ], [ -76.8006, 7.2977 ], [ -76.7942, 7.2992 ], [ -76.7864, 7.3049 ], [ -76.7785, 7.3078 ], [ -76.7739, 7.3075 ], [ -76.77, 7.3121 ], [ -76.7532, 7.32 ], [ -76.7525, 7.3247 ], [ -76.7496, 7.3265 ], [ -76.7428, 7.3229 ], [ -76.7407, 7.3308 ], [ -76.7361, 7.329 ], [ -76.735, 7.3265 ], [ -76.6486, 7.2644 ], [ -76.6657, 7.2579 ], [ -76.6575, 7.254 ], [ -76.6424, 7.2373 ], [ -76.641, 7.2262 ], [ -76.6438, 7.2166 ], [ -76.6374, 7.2152 ], [ -76.632, 7.2088 ], [ -76.6019, 7.1928 ], [ -76.5915, 7.1896 ], [ -76.5869, 7.185 ], [ -76.5804, 7.174 ], [ -76.5807, 7.1647 ], [ -76.5728, 7.154 ], [ -76.5663, 7.1387 ], [ -76.4971, 7.1561 ], [ -76.4977, 7.1352 ] ] ] ] } },
{ "type": "Feature", "properties": { "GID_2": "COL.13.14_2", "GID_0": "COL", "COUNTRY": "Colombia", "GID_1": "COL.13_2", "NAME_1": "Chocó", "NL_NAME_1": "NA", "NAME_2": "ElLitoraldelSanJuan", "VARNAME_2": "LitoralDelSanJuan", "NL_NAME_2": "NA", "TYPE_2": "Municipio", "ENGTYPE_2": "Municipality", "CC_2": "NA", "HASC_2": "CO.CH", "ppt_mean": 4312.5040967908089, "rad_mean": 3.4196012859993052, "elev_mean": 307.72307683076349, "elev_max": 3832.0, "pend_mean": 7.4474987687045724, "pot_kw_count": 23, "pot_kw_sum": 288851.45193500002, "pot_kw_mean": 12558.75878, "salto_m_count": 23, "salto_m_sum": 879.0, "salto_m_mean": 38.217391, "DIS_AV_CMS_count": 23, "DIS_AV_CMS_sum": 959.786, "DIS_AV_CMS_mean": 41.729826, "nombre": "El Litoral del San Juan", "rios_pch": "Río San Juan; Río Munguidó; Río Copomá; Río Cucurrupí; Río Agua Clara; Río Orpúa; Río Taparal; Río Calima; Río Azul", "n_rios": 9, "pch_mw": 288.9, "vocacion": "PCH" }, "geometry": { "type": "MultiPolygon", "coordinates": [ [ [ [ -77.4674, 4.0749 ], [ -77.4654, 4.0743 ], [ -77.4646, 4.0721 ], [ -77.469, 4.0729 ], [ -77.4696, 4.0751 ], [ -77.4674, 4.0749 ] ] ], [ [ [ -77.4896, 4.1463 ], [ -77.4985, 4.1407 ], [ -77.4993, 4.1371 ], [ -77.5015, 4.1354 ], [ -77.4999, 4.139 ], [ -77.5026, 4.1379 ], [ -77.5018, 4.1399 ], [ -77.496, 4.1426 ], [ -77.4921, 4.1474 ], [ -77.4885, 4.1485 ], [ -77.4896, 4.1463 ] ] ], [ [ [ -77.4793, 4.1501 ], [ -77.4799, 4.149 ], [ -77.4779, 4.1482 ], [ -77.476, 4.1488 ], [ -77.4768, 4.1457 ], [ -77.4812, 4.141 ], [ -77.4857, 4.1399 ], [ -77.4854, 4.1446 ], [ -77.4793, 4.1474 ], [ -77.4824, 4.1496 ], [ -77.4793, 4.1501 ] ] ], [ [ [ -77.491, 4.1496 ], [ -77.4901, 4.1488 ], [ -77.4926, 4.1479 ], [ -77.4946, 4.1449 ], [ -77.5026, 4.141 ], [ -77.5032, 4.1426 ], [ -77.5001, 4.1474 ], [ -77.4951, 4.1499 ], [ -77.491, 4.1496 ] ] ], [ [ [ -77.4729, 4.0765 ], [ -77.4676, 4.071 ], [ -77.4638, 4.0707 ], [ -77.4621, 4.0604 ], [ -77.454, 4.0527 ], [ -77.464, 4.0588 ], [ -77.4743, 4.0779 ], [ -77.4729, 4.0765 ] ] ], [ [ [ -77.4535, 4.2129 ], [ -77.4524, 4.2126 ], [ -77.4512, 4.211 ], [ -77.4551, 4.2135 ], [ -77.4535, 4.2129 ] ] ], [ [ [ -77.4646, 4.2207 ], [ -77.4643, 4.2188 ], [ -77.4679, 4.2199 ], [ -77.4668, 4.2215 ], [ -77.4646, 4.2207 ] ] ], [ [ [ -77.429, 4.2929 ], [ -77.4229, 4.2921 ], [ -77.4257, 4.2865 ], [ -77.429, 4.2849 ], [ -77.4318, 4.2846 ], [ -77.4388, 4.2888 ], [ -77.4337, 4.2937 ], [ -77.429, 4.2929 ] ] ], [ [ [ -77.4954, 4.2854 ], [ -77.494, 4.2824 ], [ -77.4962, 4.281 ], [ -77.4965, 4.2857 ], [ -77.4954, 4.2854 ] ] ], [ [ [ -77.4846, 4.2848 ], [ -77.4846, 4.2819 ], [ -77.4848, 4.281 ], [ -77.4868, 4.2857 ], [ -77.4849, 4.2863 ], [ -77.4846, 4.2848 ] ] ], [ [ [ -77.3036, 4.5696 ], [ -77.3062, 4.5652 ], [ -77.3047, 4.5623 ], [ -77.3028, 4.5622 ], [ -77.302, 4.5661 ], [ -77.2992, 4.5655 ], [ -77.298, 4.562 ], [ -77.2936, 4.5634 ], [ -77.293, 4.5685 ], [ -77.2911, 4.569 ], [ -77.2867, 4.5637 ], [ -77.2819, 4.5628 ], [ -77.2829, 4.5588 ], [ -77.2801, 4.5599 ], [ -77.2765, 4.5586 ], [ -77.2801, 4.5544 ], [ -77.2729, 4.5531 ], [ -77.2774, 4.5461 ], [ -77.2745, 4.5442 ], [ -77.2765, 4.5407 ], [ -77.2745, 4.5396 ], [ -77.2743, 4.5368 ], [ -77.2684, 4.5384 ], [ -77.2678, 4.5348 ], [ -77.2573, 4.533 ], [ -77.2572, 4.5301 ], [ -77.254, 4.5315 ], [ -77.2521, 4.5308 ], [ -77.2509, 4.5276 ], [ -77.2531, 4.526 ], [ -77.252, 4.5242 ], [ -77.256, 4.5218 ], [ -77.2537, 4.519 ], [ -77.2516, 4.5192 ], [ -77.2514, 4.5143 ], [ -77.247, 4.5156 ], [ -77.2434, 4.5104 ], [ -77.2415, 4.51 ], [ -77.2445, 4.5072 ], [ -77.2435, 4.5044 ], [ -77.2446, 4.5016 ], [ -77.2413, 4.4998 ], [ -77.2416, 4.4974 ], [ -77.2382, 4.4974 ], [ -77.2426, 4.4954 ], [ -77.2422, 4.4936 ], [ -77.2353, 4.4932 ], [ -77.2346, 4.4905 ], [ -77.2323, 4.4919 ], [ -77.2286, 4.4912 ], [ -77.2248, 4.4873 ], [ -77.2251, 4.4846 ], [ -77.2172, 4.4814 ], [ -77.2196, 4.4803 ], [ -77.2149, 4.4759 ], [ -77.208, 4.4758 ], [ -77.2105, 4.4702 ], [ -77.2065, 4.4661 ], [ -77.2019, 4.4674 ], [ -77.2003, 4.4596 ], [ -77.2032, 4.4563 ], [ -77.2, 4.4547 ], [ -77.2004, 4.4521 ], [ -77.1976, 4.4479 ], [ -77.1955, 4.4484 ], [ -77.1911, 4.4458 ], [ -77.1935, 4.4435 ], [ -77.1905, 4.4434 ], [ -77.1897, 4.4454 ], [ -77.188, 4.4449 ], [ -77.1863, 4.4469 ], [ -77.1838, 4.445 ], [ -77.1829, 4.4467 ], [ -77.1763, 4.4468 ], [ -77.1746, 4.4496 ], [ -77.1714, 4.451 ], [ -77.1712, 4.4494 ], [ -77.1684, 4.45 ], [ -77.1647, 4.4476 ], [ -77.1659, 4.4457 ], [ -77.1628, 4.4399 ], [ -77.1587, 4.4397 ], [ -77.1472, 4.4422 ], [ -77.1455, 4.4439 ], [ -77.1435, 4.4432 ], [ -77.1427, 4.446 ], [ -77.1326, 4.446 ], [ -77.1301, 4.4483 ], [ -77.1299, 4.4532 ], [ -77.1265, 4.4513 ], [ -77.1267, 4.4537 ], [ -77.1232, 4.4551 ], [ -77.1172, 4.4475 ], [ -77.1182, 4.4458 ], [ -77.1159, 4.4472 ], [ -77.1133, 4.443 ], [ -77.1079, 4.4422 ], [ -77.1049, 4.4453 ], [ -77.1076, 4.4552 ], [ -77.1052, 4.4581 ], [ -77.1074, 4.4597 ], [ -77.1051, 4.4612 ], [ -77.106, 4.4632 ], [ -77.1043, 4.4663 ], [ -77.1072, 4.4689 ], [ -77.1068, 4.4812 ], [ -77.1022, 4.485 ], [ -77.0963, 4.4831 ], [ -77.0861, 4.4852 ], [ -77.0793, 4.4801 ], [ -77.077, 4.4816 ], [ -77.0704, 4.4738 ], [ -77.0623, 4.4767 ], [ -77.0555, 4.47 ], [ -77.0466, 4.4658 ], [ -77.0394, 4.4557 ], [ -77.0337, 4.4526 ], [ -77.0307, 4.446 ], [ -77.0212, 4.4472 ], [ -77.0194, 4.4455 ], [ -77.0137, 4.4461 ], [ -77.0113, 4.4394 ], [ -77.0094, 4.4382 ], [ -77.0063, 4.4416 ], [ -77.0023, 4.4361 ], [ -76.9929, 4.4354 ], [ -76.9807, 4.4298 ], [ -76.9759, 4.4317 ], [ -76.973, 4.4273 ], [ -76.9696, 4.4313 ], [ -76.9732, 4.4378 ], [ -76.9699, 4.4404 ], [ -76.9658, 4.4369 ], [ -76.9626, 4.4381 ], [ -76.9589, 4.4364 ], [ -76.9553, 4.4296 ], [ -76.9509, 4.4291 ], [ -76.9476, 4.4315 ], [ -76.9462, 4.4309 ], [ -76.9478, 4.4264 ], [ -76.9427, 4.4233 ], [ -76.9433, 4.4176 ], [ -76.9386, 4.4232 ], [ -76.9401, 4.4262 ], [ -76.9344, 4.4287 ], [ -76.9295, 4.4229 ], [ -76.9249, 4.428 ], [ -76.9214, 4.4187 ], [ -76.9216, 4.4249 ], [ -76.918, 4.4247 ], [ -76.9141, 4.4276 ], [ -76.9168, 4.4304 ], [ -76.9137, 4.4316 ], [ -76.9101, 4.4368 ], [ -76.9063, 4.4335 ], [ -76.9104, 4.4246 ], [ -76.9073, 4.425 ], [ -76.9056, 4.4234 ], [ -76.9027, 4.4253 ], [ -76.8967, 4.4254 ], [ -76.8972, 4.4311 ], [ -76.8932, 4.4322 ], [ -76.8929, 4.4289 ], [ -76.8904, 4.4285 ], [ -76.8855, 4.4388 ], [ -76.8793, 4.4401 ], [ -76.8792, 4.4373 ], [ -76.883, 4.4366 ], [ -76.8828, 4.4341 ], [ -76.8814, 4.4312 ], [ -76.877, 4.4318 ], [ -76.8749, 4.4294 ], [ -76.8745, 4.4192 ], [ -76.8724, 4.4176 ], [ -76.8672, 4.4228 ], [ -76.8649, 4.4186 ], [ -76.8562, 4.42 ], [ -76.8581, 4.4282 ], [ -76.8514, 4.4219 ], [ -76.8459, 4.424 ], [ -76.8436, 4.4177 ], [ -76.8411, 4.4154 ], [ -76.8366, 4.4183 ], [ -76.8375, 4.421 ], [ -76.8338, 4.4227 ], [ -76.8356, 4.4262 ], [ -76.8347, 4.4281 ], [ -76.8293, 4.4253 ], [ -76.8305, 4.4199 ], [ -76.8292, 4.4181 ], [ -76.8223, 4.4213 ], [ -76.8207, 4.4179 ], [ -76.8185, 4.4209 ], [ -76.8136, 4.4216 ], [ -76.8117, 4.4246 ], [ -76.8089, 4.4209 ], [ -76.8082, 4.4244 ], [ -76.8027, 4.426 ], [ -76.7992, 4.4201 ], [ -76.8047, 4.4164 ], [ -76.8057, 4.4082 ], [ -76.8018, 4.4096 ], [ -76.8001, 4.4027 ], [ -76.7943, 4.4007 ], [ -76.7943, 4.3993 ], [ -76.798, 4.4008 ], [ -76.8011, 4.3987 ], [ -76.7918, 4.3947 ], [ -76.7932, 4.3896 ], [ -76.7916, 4.388 ], [ -76.7896, 4.3884 ], [ -76.788, 4.3914 ], [ -76.7885, 4.3951 ], [ -76.7839, 4.3937 ], [ -76.7817, 4.3949 ], [ -76.7804, 4.4016 ], [ -76.782, 4.4106 ], [ -76.778, 4.4135 ], [ -76.7745, 4.4093 ], [ -76.7652, 4.4114 ], [ -76.7596, 4.4045 ], [ -76.7485, 4.408 ], [ -76.7278, 4.3997 ], [ -76.7231, 4.4025 ], [ -76.7217, 4.4004 ], [ -76.7252, 4.3964 ], [ -76.7246, 4.3914 ], [ -76.7214, 4.3859 ], [ -76.7192, 4.3881 ], [ -76.7163, 4.3818 ], [ -76.7109, 4.3808 ], [ -76.7075, 4.3827 ], [ -76.7046, 4.3793 ], [ -76.7026, 4.3852 ], [ -76.6985, 4.3854 ], [ -76.695, 4.3829 ], [ -76.6889, 4.3823 ], [ -76.6872, 4.3843 ], [ -76.6887, 4.3881 ], [ -76.6867, 4.3919 ], [ -76.6785, 4.3968 ], [ -76.6763, 4.3951 ], [ -76.6782, 4.3912 ], [ -76.6758, 4.3885 ], [ -76.6647, 4.3897 ], [ -76.6587, 4.3834 ], [ -76.6526, 4.3809 ], [ -76.6385, 4.3823 ], [ -76.6302, 4.3726 ], [ -76.6277, 4.3579 ], [ -76.6222, 4.3517 ], [ -76.62, 4.3448 ], [ -76.616, 4.3411 ], [ -76.6144, 4.3365 ], [ -76.5951, 4.3379 ], [ -76.5844, 4.3362 ], [ -76.5629, 4.3367 ], [ -76.5465, 4.333 ], [ -76.5449, 4.3069 ], [ -76.5404, 4.2882 ], [ -76.5259, 4.2611 ], [ -76.5182, 4.25 ], [ -76.4945, 4.2408 ], [ -76.4802, 4.2405 ], [ -76.4742, 4.2428 ], [ -76.4722, 4.2417 ], [ -76.4735, 4.233 ], [ -76.4618, 4.2072 ], [ -76.4592, 4.1968 ], [ -76.4642, 4.17 ], [ -76.4598, 4.1129 ], [ -76.4695, 4.0899 ], [ -76.4877, 4.0614 ], [ -76.5373, 4.0179 ], [ -76.5403, 4.0137 ], [ -76.5454, 4.0108 ], [ -76.5577, 4.013 ], [ -76.5881, 4.0265 ], [ -76.6139, 4.0272 ], [ -76.6689, 4.0144 ], [ -76.7072, 3.9975 ], [ -76.7194, 3.9944 ], [ -76.7434, 3.994 ], [ -76.7532, 3.9988 ], [ -76.7645, 3.9974 ], [ -76.7722, 3.9931 ], [ -76.7934, 4.0097 ], [ -76.8074, 4.0058 ], [ -76.8184, 4.0093 ], [ -76.8251, 4.0211 ], [ -76.8256, 4.0319 ], [ -76.8414, 4.0434 ], [ -76.8603, 4.0293 ], [ -76.8679, 4.0301 ], [ -76.8737, 4.0274 ], [ -76.8783, 4.0272 ], [ -76.8802, 4.03 ], [ -76.8796, 4.0336 ], [ -76.8737, 4.0398 ], [ -76.8659, 4.0436 ], [ -76.8649, 4.0456 ], [ -76.8722, 4.0503 ], [ -76.8735, 4.0569 ], [ -76.878, 4.0641 ], [ -76.88, 4.066 ], [ -76.889, 4.0681 ], [ -76.8923, 4.0721 ], [ -76.8932, 4.0814 ], [ -76.8976, 4.0829 ], [ -76.8981, 4.0868 ], [ -76.9023, 4.0899 ], [ -76.8999, 4.094 ], [ -76.9083, 4.0948 ], [ -76.9255, 4.1041 ], [ -76.9354, 4.1063 ], [ -76.9381, 4.1108 ], [ -76.9462, 4.1171 ], [ -76.9619, 4.1206 ], [ -76.9755, 4.1196 ], [ -76.9878, 4.1268 ], [ -76.991, 4.124 ], [ -76.9929, 4.1074 ], [ -76.9984, 4.1033 ], [ -76.9983, 4.0978 ], [ -77.0063, 4.0989 ], [ -77.0132, 4.1021 ], [ -77.015, 4.0991 ], [ -77.0196, 4.0966 ], [ -77.0243, 4.099 ], [ -77.0281, 4.0976 ], [ -77.032, 4.1006 ], [ -77.0375, 4.1007 ], [ -77.0431, 4.0983 ], [ -77.048, 4.1014 ], [ -77.0513, 4.0996 ], [ -77.0544, 4.1024 ], [ -77.0627, 4.0982 ], [ -77.0655, 4.0944 ], [ -77.0772, 4.1113 ], [ -77.0788, 4.1113 ], [ -77.0871, 4.1204 ], [ -77.0933, 4.1194 ], [ -77.1037, 4.1109 ], [ -77.1116, 4.1121 ], [ -77.1175, 4.1158 ], [ -77.1216, 4.1237 ], [ -77.117, 4.1292 ], [ -77.1186, 4.1341 ], [ -77.1257, 4.1429 ], [ -77.1304, 4.1531 ], [ -77.1359, 4.16 ], [ -77.1404, 4.161 ], [ -77.1477, 4.1671 ], [ -77.1567, 4.1817 ], [ -77.1661, 4.184 ], [ -77.1875, 4.1724 ], [ -77.2026, 4.1725 ], [ -77.2063, 4.1702 ], [ -77.2109, 4.1589 ], [ -77.215, 4.1554 ], [ -77.2207, 4.1554 ], [ -77.246, 4.1805 ], [ -77.2495, 4.1877 ], [ -77.2507, 4.1953 ], [ -77.2487, 4.2195 ], [ -77.2495, 4.2292 ], [ -77.2522, 4.2331 ], [ -77.2607, 4.2342 ], [ -77.2664, 4.2331 ], [ -77.2798, 4.2207 ], [ -77.2871, 4.2055 ], [ -77.2851, 4.1931 ], [ -77.2878, 4.1809 ], [ -77.3051, 4.1668 ], [ -77.3092, 4.1664 ], [ -77.3179, 4.172 ], [ -77.3289, 4.1867 ], [ -77.3395, 4.1952 ], [ -77.35, 4.1987 ], [ -77.3552, 4.1979 ], [ -77.3606, 4.1956 ], [ -77.3717, 4.1865 ], [ -77.3744, 4.1831 ], [ -77.3775, 4.1693 ], [ -77.3898, 4.1621 ], [ -77.388, 4.1529 ], [ -77.3912, 4.1481 ], [ -77.413, 4.1441 ], [ -77.4341, 4.1451 ], [ -77.4385, 4.1433 ], [ -77.4423, 4.1369 ], [ -77.4433, 4.1262 ], [ -77.4417, 4.1221 ], [ -77.4302, 4.107 ], [ -77.428, 4.0994 ], [ -77.4284, 4.0939 ], [ -77.4307, 4.0882 ], [ -77.4335, 4.089 ], [ -77.4346, 4.0871 ], [ -77.4368, 4.0768 ], [ -77.4382, 4.0801 ], [ -77.4421, 4.0754 ], [ -77.4424, 4.0729 ], [ -77.4451, 4.0724 ], [ -77.4499, 4.0651 ], [ -77.4549, 4.0643 ], [ -77.4596, 4.0674 ], [ -77.4643, 4.0751 ], [ -77.471, 4.0782 ], [ -77.4768, 4.0849 ], [ -77.479, 4.0976 ], [ -77.4799, 4.086 ], [ -77.4938, 4.1037 ], [ -77.499, 4.1046 ], [ -77.5085, 4.1115 ], [ -77.5113, 4.1174 ], [ -77.5099, 4.1221 ], [ -77.4979, 4.1265 ], [ -77.491, 4.136 ], [ -77.4807, 4.1393 ], [ -77.4796, 4.1418 ], [ -77.476, 4.1432 ], [ -77.4715, 4.1513 ], [ -77.4657, 4.154 ], [ -77.4665, 4.1582 ], [ -77.469, 4.1596 ], [ -77.4726, 4.1565 ], [ -77.4788, 4.1549 ], [ -77.4849, 4.156 ], [ -77.5088, 4.1526 ], [ -77.5093, 4.1499 ], [ -77.5132, 4.1482 ], [ -77.514, 4.1451 ], [ -77.5185, 4.1407 ], [ -77.5204, 4.136 ], [ -77.5196, 4.1324 ], [ -77.5232, 4.1298 ], [ -77.5249, 4.1347 ], [ -77.5234, 4.1464 ], [ -77.5238, 4.1826 ], [ -77.5199, 4.1738 ], [ -77.521, 4.1849 ], [ -77.5193, 4.1938 ], [ -77.5168, 4.1951 ], [ -77.5079, 4.1946 ], [ -77.5043, 4.1854 ], [ -77.5038, 4.1746 ], [ -77.501, 4.1749 ], [ -77.5054, 4.191 ], [ -77.5049, 4.1954 ], [ -77.5013, 4.1976 ], [ -77.4885, 4.2007 ], [ -77.4843, 4.2049 ], [ -77.4812, 4.2054 ], [ -77.4776, 4.2038 ], [ -77.4799, 4.2065 ], [ -77.476, 4.2146 ], [ -77.4724, 4.2179 ], [ -77.4638, 4.2185 ], [ -77.4554, 4.2113 ], [ -77.4435, 4.206 ], [ -77.4329, 4.2049 ], [ -77.426, 4.2074 ], [ -77.4357, 4.2065 ], [ -77.4449, 4.2082 ], [ -77.4529, 4.214 ], [ -77.4582, 4.2154 ], [ -77.4618, 4.2207 ], [ -77.4679, 4.2226 ], [ -77.4693, 4.221 ], [ -77.474, 4.2201 ], [ -77.4815, 4.2129 ], [ -77.479, 4.2099 ], [ -77.4801, 4.2107 ], [ -77.4818, 4.2099 ], [ -77.4818, 4.2118 ], [ -77.4846, 4.2099 ], [ -77.4832, 4.2087 ], [ -77.4801, 4.2096 ], [ -77.4821, 4.2065 ], [ -77.4854, 4.2085 ], [ -77.4904, 4.2054 ], [ -77.4982, 4.2051 ], [ -77.4962, 4.211 ], [ -77.4865, 4.2124 ], [ -77.4865, 4.2135 ], [ -77.4968, 4.2115 ], [ -77.5001, 4.2126 ], [ -77.4985, 4.209 ], [ -77.5021, 4.2046 ], [ -77.5062, 4.2035 ], [ -77.5082, 4.2051 ], [ -77.5124, 4.2007 ], [ -77.5146, 4.2054 ], [ -77.5163, 4.2063 ], [ -77.5151, 4.2013 ], [ -77.5193, 4.2013 ], [ -77.5246, 4.1988 ], [ -77.5296, 4.2042 ], [ -77.5299, 4.2082 ], [ -77.5246, 4.2363 ], [ -77.5251, 4.2532 ], [ -77.5221, 4.2643 ], [ -77.5165, 4.2763 ], [ -77.4996, 4.2926 ], [ -77.4849, 4.2937 ], [ -77.4835, 4.291 ], [ -77.4865, 4.2918 ], [ -77.4899, 4.2904 ], [ -77.4929, 4.2929 ], [ -77.4974, 4.2915 ], [ -77.4971, 4.284 ], [ -77.5018, 4.2851 ], [ -77.5043, 4.2838 ], [ -77.5007, 4.2835 ], [ -77.4949, 4.2801 ], [ -77.4932, 4.2824 ], [ -77.4932, 4.2849 ], [ -77.496, 4.2888 ], [ -77.4938, 4.2907 ], [ -77.489, 4.2874 ], [ -77.4907, 4.2835 ], [ -77.4896, 4.2826 ], [ -77.4899, 4.2849 ], [ -77.4876, 4.2851 ], [ -77.4851, 4.2804 ], [ -77.4885, 4.2754 ], [ -77.4882, 4.2729 ], [ -77.4974, 4.2671 ], [ -77.5057, 4.2593 ], [ -77.5071, 4.2538 ], [ -77.5124, 4.2474 ], [ -77.5068, 4.2521 ], [ -77.5046, 4.2585 ], [ -77.5001, 4.2604 ], [ -77.4987, 4.2579 ], [ -77.4985, 4.2618 ], [ -77.4962, 4.2637 ], [ -77.4962, 4.2621 ], [ -77.4926, 4.2613 ], [ -77.4943, 4.2588 ], [ -77.4924, 4.2574 ], [ -77.4926, 4.2551 ], [ -77.4891, 4.2568 ], [ -77.4868, 4.2518 ], [ -77.4832, 4.2486 ], [ -77.4846, 4.2463 ], [ -77.4904, 4.2432 ], [ -77.491, 4.2401 ], [ -77.4887, 4.2432 ], [ -77.484, 4.2446 ], [ -77.4815, 4.2474 ], [ -77.4724, 4.2465 ], [ -77.4718, 4.2443 ], [ -77.4671, 4.2438 ], [ -77.4665, 4.2454 ], [ -77.4585, 4.246 ], [ -77.4585, 4.2504 ], [ -77.4807, 4.251 ], [ -77.4849, 4.2565 ], [ -77.4854, 4.2601 ], [ -77.4812, 4.261 ], [ -77.4724, 4.2687 ], [ -77.4674, 4.2674 ], [ -77.459, 4.2729 ], [ -77.4585, 4.2749 ], [ -77.4568, 4.274 ], [ -77.4526, 4.2776 ], [ -77.454, 4.2804 ], [ -77.4524, 4.2829 ], [ -77.4496, 4.2838 ], [ -77.4468, 4.2832 ], [ -77.4457, 4.2813 ], [ -77.4471, 4.264 ], [ -77.4454, 4.2629 ], [ -77.4432, 4.2846 ], [ -77.4379, 4.2857 ], [ -77.4321, 4.2826 ], [ -77.4282, 4.2832 ], [ -77.4235, 4.2857 ], [ -77.4229, 4.2907 ], [ -77.4129, 4.2932 ], [ -77.4124, 4.296 ], [ -77.4143, 4.2971 ], [ -77.4132, 4.2988 ], [ -77.416, 4.3013 ], [ -77.4399, 4.3107 ], [ -77.4299, 4.3163 ], [ -77.4215, 4.3257 ], [ -77.4093, 4.3543 ], [ -77.4057, 4.3571 ], [ -77.411, 4.3479 ], [ -77.4112, 4.3424 ], [ -77.4051, 4.3543 ], [ -77.3932, 4.3626 ], [ -77.3854, 4.3732 ], [ -77.3876, 4.364 ], [ -77.3865, 4.3554 ], [ -77.3796, 4.344 ], [ -77.371, 4.3413 ], [ -77.3688, 4.3379 ], [ -77.3718, 4.3279 ], [ -77.3885, 4.3268 ], [ -77.3915, 4.3249 ], [ -77.3951, 4.319 ], [ -77.3957, 4.3132 ], [ -77.394, 4.3101 ], [ -77.386, 4.3046 ], [ -77.3821, 4.2996 ], [ -77.3854, 4.3054 ], [ -77.3929, 4.3113 ], [ -77.3938, 4.3188 ], [ -77.3882, 4.3251 ], [ -77.3826, 4.3254 ], [ -77.3757, 4.324 ], [ -77.3757, 4.3212 ], [ -77.3779, 4.319 ], [ -77.3771, 4.3176 ], [ -77.3746, 4.321 ], [ -77.374, 4.3251 ], [ -77.3682, 4.3313 ], [ -77.3674, 4.3376 ], [ -77.3688, 4.3413 ], [ -77.3757, 4.3446 ], [ -77.3815, 4.3513 ], [ -77.3846, 4.3663 ], [ -77.3749, 4.3693 ], [ -77.3718, 4.3721 ], [ -77.3685, 4.369 ], [ -77.3646, 4.3613 ], [ -77.3596, 4.3604 ], [ -77.3551, 4.3621 ], [ -77.351, 4.3701 ], [ -77.3526, 4.3726 ], [ -77.3576, 4.3751 ], [ -77.3585, 4.3774 ], [ -77.354, 4.3821 ], [ -77.3468, 4.3743 ], [ -77.3443, 4.3685 ], [ -77.3457, 4.3746 ], [ -77.354, 4.3838 ], [ -77.3593, 4.3785 ], [ -77.3596, 4.3757 ], [ -77.3526, 4.371 ], [ -77.3526, 4.3676 ], [ -77.3576, 4.3624 ], [ -77.364, 4.3624 ], [ -77.369, 4.3737 ], [ -77.3704, 4.386 ], [ -77.3662, 4.3935 ], [ -77.3657, 4.4001 ], [ -77.3601, 4.4046 ], [ -77.3551, 4.3985 ], [ -77.3579, 4.4043 ], [ -77.3579, 4.409 ], [ -77.3546, 4.4154 ], [ -77.3476, 4.4154 ], [ -77.349, 4.4174 ], [ -77.3449, 4.4276 ], [ -77.3229, 4.4338 ], [ -77.319, 4.4363 ], [ -77.3179, 4.4332 ], [ -77.3163, 4.4349 ], [ -77.3163, 4.4379 ], [ -77.3185, 4.4396 ], [ -77.3226, 4.4354 ], [ -77.3393, 4.4318 ], [ -77.344, 4.4321 ], [ -77.3512, 4.4276 ], [ -77.3469, 4.4419 ], [ -77.3443, 4.4792 ], [ -77.3396, 4.5138 ], [ -77.3362, 4.5176 ], [ -77.3349, 4.5132 ], [ -77.3376, 4.5024 ], [ -77.3374, 4.4957 ], [ -77.3329, 4.491 ], [ -77.3268, 4.4915 ], [ -77.3282, 4.4818 ], [ -77.3265, 4.479 ], [ -77.3271, 4.4846 ], [ -77.3251, 4.4901 ], [ -77.3276, 4.4932 ], [ -77.3321, 4.4926 ], [ -77.3351, 4.4946 ], [ -77.3365, 4.4971 ], [ -77.3354, 4.5057 ], [ -77.3329, 4.5149 ], [ -77.326, 4.5207 ], [ -77.3232, 4.5207 ], [ -77.3227, 4.5277 ], [ -77.324, 4.5313 ], [ -77.3187, 4.5313 ], [ -77.3171, 4.5335 ], [ -77.3171, 4.5382 ], [ -77.3138, 4.5374 ], [ -77.3151, 4.5393 ], [ -77.3179, 4.539 ], [ -77.3182, 4.5337 ], [ -77.3196, 4.5324 ], [ -77.3249, 4.5326 ], [ -77.3287, 4.5365 ], [ -77.3304, 4.5358 ], [ -77.3307, 4.5329 ], [ -77.3365, 4.5346 ], [ -77.3316, 4.5637 ], [ -77.3276, 4.5657 ], [ -77.3229, 4.5649 ], [ -77.3201, 4.566 ], [ -77.3185, 4.5607 ], [ -77.3179, 4.5651 ], [ -77.3163, 4.5643 ], [ -77.314, 4.5663 ], [ -77.3124, 4.5715 ], [ -77.306, 4.571 ], [ -77.3065, 4.5718 ], [ -77.3036, 4.5696 ] ] ], [ [ [ -77.4243, 4.2968 ], [ -77.4179, 4.2943 ], [ -77.4232, 4.2929 ], [ -77.4329, 4.2951 ], [ -77.4243, 4.2968 ] ] ], [ [ [ -77.3821, 4.3735 ], [ -77.3815, 4.3749 ], [ -77.3779, 4.3754 ], [ -77.3807, 4.3732 ], [ -77.3821, 4.3735 ] ] ], [ [ [ -77.3726, 4.3865 ], [ -77.3763, 4.3788 ], [ -77.381, 4.3774 ], [ -77.384, 4.374 ], [ -77.3826, 4.3782 ], [ -77.3735, 4.3899 ], [ -77.3726, 4.3865 ] ] ], [ [ [ -77.4499, 4.3004 ], [ -77.4424, 4.2976 ], [ -77.4399, 4.2985 ], [ -77.4354, 4.294 ], [ -77.4435, 4.2897 ], [ -77.4446, 4.2901 ], [ -77.4437, 4.2915 ], [ -77.4513, 4.2924 ], [ -77.4579, 4.2907 ], [ -77.4576, 4.2963 ], [ -77.4512, 4.301 ], [ -77.4499, 4.3004 ] ] ], [ [ [ -77.4318, 4.301 ], [ -77.4276, 4.3001 ], [ -77.4262, 4.2985 ], [ -77.4335, 4.2957 ], [ -77.4365, 4.2974 ], [ -77.4354, 4.3015 ], [ -77.4318, 4.301 ] ] ], [ [ [ -77.3135, 4.571 ], [ -77.316, 4.5674 ], [ -77.3201, 4.5679 ], [ -77.3179, 4.571 ], [ -77.314, 4.5721 ], [ -77.3135, 4.571 ] ] ], [ [ [ -77.319, 4.571 ], [ -77.3199, 4.5699 ], [ -77.3233, 4.5693 ], [ -77.3237, 4.5708 ], [ -77.319, 4.571 ] ] ] ] } },
{ "type": "Feature", "properties": { "GID_2": "COL.13.15_2", "GID_0": "COL", "COUNTRY": "Colombia", "GID_1": "COL.13_2", "NAME_1": "Chocó", "NL_NAME_1": "NA", "NAME_2": "Istmina", "VARNAME_2": "NA", "NL_NAME_2": "NA", "TYPE_2": "Municipio", "ENGTYPE_2": "Municipality", "CC_2": "NA", "HASC_2": "CO.CH.IS", "ppt_mean": 5798.1080508865707, "rad_mean": 3.4263222479143733, "elev_mean": 72.97116012339832, "elev_max": 386.0, "pend_mean": 3.5621050594144466, "pot_kw_count": 6, "pot_kw_sum": 203037.05497500001, "pot_kw_mean": 33839.509163000002, "salto_m_count": 6, "salto_m_sum": 217.0, "salto_m_mean": 36.166667, "DIS_AV_CMS_count": 6, "DIS_AV_CMS_sum": 577.735, "DIS_AV_CMS_mean": 96.289167, "nombre": "Istmina", "rios_pch": "Río San Juan; Río Cucurrupí; Río Docordó; Río Becordó; Río San Pablo; Río Peradó", "n_rios": 6, "pch_mw": 203.0, "vocacion": "PCH" }, "geometry": { "type": "MultiPolygon", "coordinates": [ [ [ [ -77.0623, 4.4767 ], [ -77.0636, 4.4812 ], [ -77.0624, 4.4861 ], [ -77.0574, 4.4878 ], [ -77.0566, 4.4903 ], [ -77.0603, 4.5105 ], [ -77.0688, 4.5128 ], [ -77.0763, 4.5124 ], [ -77.0813, 4.5043 ], [ -77.0962, 4.4974 ], [ -77.111, 4.4983 ], [ -77.1134, 4.5042 ], [ -77.131, 4.5026 ], [ -77.1387, 4.5042 ], [ -77.1465, 4.5037 ], [ -77.1598, 4.5209 ], [ -77.1586, 4.5268 ], [ -77.149, 4.5338 ], [ -77.1505, 4.5439 ], [ -77.1426, 4.5536 ], [ -77.1427, 4.5585 ], [ -77.134, 4.5662 ], [ -77.1349, 4.5803 ], [ -77.1331, 4.5873 ], [ -77.134, 4.5888 ], [ -77.1437, 4.5912 ], [ -77.143, 4.6054 ], [ -77.1367, 4.6147 ], [ -77.123, 4.6262 ], [ -77.1178, 4.6429 ], [ -77.1011, 4.6579 ], [ -77.1017, 4.6638 ], [ -77.1068, 4.6715 ], [ -77.105, 4.677 ], [ -77.0953, 4.6767 ], [ -77.0892, 4.6727 ], [ -77.0776, 4.6686 ], [ -77.0751, 4.6658 ], [ -77.0662, 4.67 ], [ -77.0626, 4.6701 ], [ -77.0567, 4.6756 ], [ -77.0511, 4.6784 ], [ -77.0536, 4.6832 ], [ -77.0581, 4.6857 ], [ -77.057, 4.7008 ], [ -77.052, 4.7019 ], [ -77.0572, 4.7063 ], [ -77.0574, 4.7088 ], [ -77.0537, 4.7105 ], [ -77.0536, 4.7077 ], [ -77.0432, 4.7067 ], [ -77.0374, 4.7117 ], [ -77.0368, 4.7149 ], [ -77.0388, 4.7222 ], [ -77.0375, 4.7295 ], [ -77.0333, 4.7343 ], [ -77.0339, 4.7368 ], [ -77.0307, 4.7384 ], [ -77.0131, 4.7362 ], [ -77.005, 4.7311 ], [ -77.0024, 4.7339 ], [ -76.9939, 4.7367 ], [ -76.991, 4.7454 ], [ -76.9915, 4.7502 ], [ -76.98, 4.7682 ], [ -76.972, 4.7701 ], [ -76.9669, 4.7661 ], [ -76.9644, 4.7661 ], [ -76.9651, 4.7607 ], [ -76.9639, 4.7593 ], [ -76.9473, 4.7696 ], [ -76.9434, 4.775 ], [ -76.9346, 4.7748 ], [ -76.9323, 4.7797 ], [ -76.9352, 4.7826 ], [ -76.9363, 4.7863 ], [ -76.9352, 4.8202 ], [ -76.9406, 4.8315 ], [ -76.9509, 4.8399 ], [ -76.9696, 4.8407 ], [ -76.9854, 4.8474 ], [ -76.9891, 4.8509 ], [ -76.9901, 4.8498 ], [ -76.994, 4.8569 ], [ -76.9985, 4.8545 ], [ -76.9989, 4.8582 ], [ -76.9942, 4.8671 ], [ -76.994, 4.8714 ], [ -76.9881, 4.8724 ], [ -76.9863, 4.8703 ], [ -76.9833, 4.8701 ], [ -76.9821, 4.8721 ], [ -76.9838, 4.8755 ], [ -76.9788, 4.8817 ], [ -76.9759, 4.8893 ], [ -76.9716, 4.8934 ], [ -76.9748, 4.8993 ], [ -76.9705, 4.9058 ], [ -76.9736, 4.9127 ], [ -76.9774, 4.9159 ], [ -76.9776, 4.9187 ], [ -76.9743, 4.9222 ], [ -76.9666, 4.9226 ], [ -76.9617, 4.9255 ], [ -76.96, 4.9291 ], [ -76.9525, 4.9351 ], [ -76.9465, 4.935 ], [ -76.945, 4.9375 ], [ -76.9393, 4.9403 ], [ -76.9372, 4.9433 ], [ -76.9378, 4.9492 ], [ -76.9267, 4.9553 ], [ -76.9267, 4.9582 ], [ -76.9247, 4.9592 ], [ -76.9252, 4.9616 ], [ -76.9225, 4.9645 ], [ -76.9023, 4.9599 ], [ -76.9018, 4.9579 ], [ -76.9035, 4.9566 ], [ -76.9027, 4.9553 ], [ -76.9059, 4.9486 ], [ -76.9044, 4.9458 ], [ -76.9004, 4.9452 ], [ -76.8978, 4.9489 ], [ -76.8953, 4.9495 ], [ -76.8855, 4.9437 ], [ -76.8822, 4.9442 ], [ -76.8796, 4.9473 ], [ -76.8759, 4.9579 ], [ -76.8767, 4.9633 ], [ -76.8743, 4.9654 ], [ -76.8723, 4.9722 ], [ -76.8744, 4.9864 ], [ -76.8728, 4.9913 ], [ -76.8469, 5.0137 ], [ -76.8493, 5.022 ], [ -76.8553, 5.0249 ], [ -76.8575, 5.0252 ], [ -76.8628, 5.0212 ], [ -76.8662, 5.0213 ], [ -76.8674, 5.0242 ], [ -76.8662, 5.031 ], [ -76.8538, 5.0452 ], [ -76.8495, 5.047 ], [ -76.8483, 5.0494 ], [ -76.833, 5.0604 ], [ -76.8101, 5.0739 ], [ -76.8045, 5.0822 ], [ -76.7975, 5.0863 ], [ -76.8006, 5.0917 ], [ -76.8102, 5.0925 ], [ -76.8104, 5.0977 ], [ -76.8139, 5.1053 ], [ -76.8099, 5.1181 ], [ -76.8075, 5.1219 ], [ -76.8034, 5.1229 ], [ -76.8013, 5.1255 ], [ -76.8012, 5.1369 ], [ -76.797, 5.1397 ], [ -76.7952, 5.1459 ], [ -76.7952, 5.1486 ], [ -76.7972, 5.15 ], [ -76.795, 5.1531 ], [ -76.7905, 5.1552 ], [ -76.7914, 5.1672 ], [ -76.8006, 5.1674 ], [ -76.8067, 5.1717 ], [ -76.8132, 5.1681 ], [ -76.8161, 5.1706 ], [ -76.8398, 5.177 ], [ -76.8359, 5.1852 ], [ -76.8347, 5.193 ], [ -76.8371, 5.2004 ], [ -76.8396, 5.2016 ], [ -76.8392, 5.2051 ], [ -76.8453, 5.2058 ], [ -76.8457, 5.2096 ], [ -76.8491, 5.2071 ], [ -76.8516, 5.2077 ], [ -76.8511, 5.2138 ], [ -76.8543, 5.2171 ], [ -76.8521, 5.2194 ], [ -76.8515, 5.2258 ], [ -76.8481, 5.228 ], [ -76.8486, 5.2326 ], [ -76.8528, 5.2383 ], [ -76.8536, 5.2426 ], [ -76.8515, 5.2483 ], [ -76.8515, 5.2588 ], [ -76.8562, 5.2645 ], [ -76.8478, 5.2638 ], [ -76.8419, 5.2685 ], [ -76.8392, 5.2655 ], [ -76.832, 5.2651 ], [ -76.8237, 5.2686 ], [ -76.8114, 5.2634 ], [ -76.8061, 5.2665 ], [ -76.8018, 5.2666 ], [ -76.7982, 5.2695 ], [ -76.7866, 5.2723 ], [ -76.7723, 5.2797 ], [ -76.7423, 5.2827 ], [ -76.7402, 5.2811 ], [ -76.7398, 5.275 ], [ -76.7517, 5.2488 ], [ -76.7028, 5.2452 ], [ -76.6754, 5.2395 ], [ -76.6753, 5.2383 ], [ -76.6781, 5.2385 ], [ -76.6737, 5.2324 ], [ -76.6745, 5.2289 ], [ -76.673, 5.2254 ], [ -76.666, 5.2205 ], [ -76.6662, 5.2172 ], [ -76.6687, 5.2133 ], [ -76.6656, 5.2064 ], [ -76.6598, 5.2071 ], [ -76.6557, 5.2099 ], [ -76.652, 5.2094 ], [ -76.6459, 5.2052 ], [ -76.6429, 5.2082 ], [ -76.6403, 5.2067 ], [ -76.6388, 5.2084 ], [ -76.6333, 5.2048 ], [ -76.6268, 5.1901 ], [ -76.6229, 5.186 ], [ -76.6147, 5.1908 ], [ -76.6103, 5.1966 ], [ -76.6059, 5.197 ], [ -76.6048, 5.1921 ], [ -76.6001, 5.1955 ], [ -76.5956, 5.1951 ], [ -76.5926, 5.2008 ], [ -76.5915, 5.1993 ], [ -76.5874, 5.2036 ], [ -76.5863, 5.2029 ], [ -76.5847, 5.205 ], [ -76.5815, 5.2041 ], [ -76.5771, 5.2086 ], [ -76.5752, 5.2081 ], [ -76.5748, 5.2111 ], [ -76.5722, 5.211 ], [ -76.5717, 5.2144 ], [ -76.5683, 5.216 ], [ -76.5663, 5.2202 ], [ -76.5626, 5.2181 ], [ -76.5613, 5.2201 ], [ -76.5596, 5.219 ], [ -76.555, 5.2237 ], [ -76.5533, 5.222 ], [ -76.5515, 5.2239 ], [ -76.5526, 5.226 ], [ -76.5448, 5.2316 ], [ -76.5409, 5.2376 ], [ -76.5358, 5.2397 ], [ -76.5316, 5.2386 ], [ -76.534, 5.2341 ], [ -76.5359, 5.2178 ], [ -76.5318, 5.2149 ], [ -76.5239, 5.2132 ], [ -76.5266, 5.2082 ], [ -76.5254, 5.2042 ], [ -76.5271, 5.1997 ], [ -76.5361, 5.1982 ], [ -76.6227, 5.1623 ], [ -76.6512, 5.1388 ], [ -76.6624, 5.1424 ], [ -76.6691, 5.1332 ], [ -76.676, 5.131 ], [ -76.682, 5.126 ], [ -76.6878, 5.125 ], [ -76.6923, 5.1216 ], [ -76.7079, 5.1266 ], [ -76.7288, 5.1215 ], [ -76.7508, 5.1078 ], [ -76.775, 5.0834 ], [ -76.7727, 5.0764 ], [ -76.7618, 5.0759 ], [ -76.7599, 5.0711 ], [ -76.7626, 5.0448 ], [ -76.7665, 5.0353 ], [ -76.7667, 5.0281 ], [ -76.7712, 5.0225 ], [ -76.7692, 5.0188 ], [ -76.7642, 5.0169 ], [ -76.7469, 5.0211 ], [ -76.7313, 5.0178 ], [ -76.7313, 5.0134 ], [ -76.736, 5.0094 ], [ -76.7366, 5.0064 ], [ -76.7458, 4.9939 ], [ -76.7604, 4.9903 ], [ -76.7757, 4.9926 ], [ -76.7879, 4.9916 ], [ -76.7905, 4.9928 ], [ -76.79, 5.0033 ], [ -76.7862, 5.0134 ], [ -76.7901, 5.0172 ], [ -76.8053, 5.0157 ], [ -76.827, 5.008 ], [ -76.8505, 4.9687 ], [ -76.8679, 4.9471 ], [ -76.8657, 4.9407 ], [ -76.865, 4.9302 ], [ -76.8666, 4.9266 ], [ -76.8745, 4.9232 ], [ -76.8752, 4.9091 ], [ -76.8847, 4.8949 ], [ -76.8835, 4.888 ], [ -76.8749, 4.8823 ], [ -76.8703, 4.8744 ], [ -76.8691, 4.8689 ], [ -76.8724, 4.8538 ], [ -76.8733, 4.8323 ], [ -76.8797, 4.8222 ], [ -76.8809, 4.8162 ], [ -76.8804, 4.8081 ], [ -76.8696, 4.7947 ], [ -76.8665, 4.7873 ], [ -76.8724, 4.7773 ], [ -76.8722, 4.7703 ], [ -76.8671, 4.7636 ], [ -76.8624, 4.7605 ], [ -76.8592, 4.7507 ], [ -76.8697, 4.7447 ], [ -76.8707, 4.7419 ], [ -76.8687, 4.7364 ], [ -76.868, 4.722 ], [ -76.8641, 4.7137 ], [ -76.8668, 4.7072 ], [ -76.8713, 4.7026 ], [ -76.8775, 4.7012 ], [ -76.8808, 4.7026 ], [ -76.8834, 4.705 ], [ -76.8899, 4.7176 ], [ -76.8949, 4.7195 ], [ -76.8995, 4.7183 ], [ -76.9004, 4.7157 ], [ -76.8973, 4.7131 ], [ -76.8985, 4.7047 ], [ -76.9101, 4.6994 ], [ -76.9158, 4.6946 ], [ -76.9273, 4.6989 ], [ -76.9371, 4.7058 ], [ -76.9395, 4.7039 ], [ -76.9409, 4.707 ], [ -76.9433, 4.7079 ], [ -76.948, 4.6964 ], [ -76.9659, 4.6899 ], [ -76.9704, 4.6789 ], [ -76.9792, 4.6708 ], [ -76.9718, 4.6717 ], [ -76.9589, 4.6653 ], [ -76.9556, 4.661 ], [ -76.9586, 4.6502 ], [ -76.9536, 4.6462 ], [ -76.9491, 4.6388 ], [ -76.9381, 4.6314 ], [ -76.9304, 4.6163 ], [ -76.9235, 4.608 ], [ -76.9216, 4.6073 ], [ -76.9097, 4.6109 ], [ -76.9058, 4.6037 ], [ -76.896, 4.6052 ], [ -76.8939, 4.6138 ], [ -76.8877, 4.6186 ], [ -76.8842, 4.6241 ], [ -76.8816, 4.6241 ], [ -76.8784, 4.6184 ], [ -76.8648, 4.6125 ], [ -76.8608, 4.6165 ], [ -76.8498, 4.6142 ], [ -76.8393, 4.6178 ], [ -76.8348, 4.6137 ], [ -76.8298, 4.6125 ], [ -76.8255, 4.6054 ], [ -76.8188, 4.6061 ], [ -76.8114, 4.6021 ], [ -76.8031, 4.6018 ], [ -76.7973, 4.5966 ], [ -76.7916, 4.5961 ], [ -76.783, 4.5909 ], [ -76.7823, 4.5887 ], [ -76.778, 4.5864 ], [ -76.7758, 4.5794 ], [ -76.7713, 4.573 ], [ -76.771, 4.5656 ], [ -76.7696, 4.5637 ], [ -76.7629, 4.562 ], [ -76.7579, 4.5584 ], [ -76.7319, 4.559 ], [ -76.7087, 4.5449 ], [ -76.6973, 4.5404 ], [ -76.6932, 4.5354 ], [ -76.6858, 4.5179 ], [ -76.666, 4.507 ], [ -76.6553, 4.497 ], [ -76.6551, 4.491 ], [ -76.6614, 4.488 ], [ -76.6624, 4.4855 ], [ -76.6672, 4.4845 ], [ -76.6664, 4.4764 ], [ -76.6744, 4.4726 ], [ -76.6791, 4.467 ], [ -76.6785, 4.464 ], [ -76.6815, 4.456 ], [ -76.6671, 4.4455 ], [ -76.6662, 4.4362 ], [ -76.664, 4.4312 ], [ -76.6599, 4.429 ], [ -76.6607, 4.425 ], [ -76.6564, 4.4205 ], [ -76.6538, 4.4083 ], [ -76.6465, 4.4032 ], [ -76.6471, 4.3922 ], [ -76.6452, 4.3904 ], [ -76.6408, 4.3917 ], [ -76.6385, 4.3823 ], [ -76.6526, 4.3809 ], [ -76.6587, 4.3834 ], [ -76.6647, 4.3897 ], [ -76.6758, 4.3885 ], [ -76.6782, 4.3912 ], [ -76.6763, 4.3951 ], [ -76.6785, 4.3968 ], [ -76.6867, 4.3919 ], [ -76.6887, 4.3881 ], [ -76.6872, 4.3843 ], [ -76.6889, 4.3823 ], [ -76.695, 4.3829 ], [ -76.6989, 4.3854 ], [ -76.7026, 4.3852 ], [ -76.7044, 4.3794 ], [ -76.7075, 4.3827 ], [ -76.7106, 4.3808 ], [ -76.7139, 4.3811 ], [ -76.7169, 4.3824 ], [ -76.7189, 4.388 ], [ -76.7214, 4.3859 ], [ -76.7246, 4.3914 ], [ -76.7251, 4.3972 ], [ -76.7216, 4.4007 ], [ -76.7231, 4.4025 ], [ -76.7278, 4.3997 ], [ -76.7485, 4.408 ], [ -76.7596, 4.4045 ], [ -76.7652, 4.4114 ], [ -76.7745, 4.4093 ], [ -76.778, 4.4135 ], [ -76.782, 4.4106 ], [ -76.7804, 4.4016 ], [ -76.7817, 4.3949 ], [ -76.7839, 4.3937 ], [ -76.7885, 4.3951 ], [ -76.788, 4.3914 ], [ -76.7896, 4.3884 ], [ -76.7916, 4.388 ], [ -76.7932, 4.3896 ], [ -76.7918, 4.3947 ], [ -76.8011, 4.3987 ], [ -76.798, 4.4008 ], [ -76.7943, 4.3993 ], [ -76.7943, 4.4007 ], [ -76.8001, 4.4027 ], [ -76.8018, 4.4096 ], [ -76.8057, 4.4082 ], [ -76.8047, 4.4164 ], [ -76.7992, 4.4201 ], [ -76.8027, 4.426 ], [ -76.8082, 4.4244 ], [ -76.8089, 4.4209 ], [ -76.8117, 4.4246 ], [ -76.8136, 4.4216 ], [ -76.8185, 4.4209 ], [ -76.8207, 4.4179 ], [ -76.8223, 4.4213 ], [ -76.8292, 4.4181 ], [ -76.8305, 4.4199 ], [ -76.8293, 4.4253 ], [ -76.8347, 4.4281 ], [ -76.8356, 4.4262 ], [ -76.8338, 4.4227 ], [ -76.8375, 4.421 ], [ -76.8366, 4.4183 ], [ -76.8411, 4.4154 ], [ -76.8436, 4.4177 ], [ -76.8459, 4.424 ], [ -76.8514, 4.4219 ], [ -76.8581, 4.4282 ], [ -76.8562, 4.42 ], [ -76.8649, 4.4186 ], [ -76.8672, 4.4228 ], [ -76.8724, 4.4176 ], [ -76.8745, 4.4192 ], [ -76.8749, 4.4294 ], [ -76.877, 4.4318 ], [ -76.8814, 4.4312 ], [ -76.8828, 4.4341 ], [ -76.883, 4.4366 ], [ -76.8792, 4.4373 ], [ -76.8793, 4.4401 ], [ -76.8855, 4.4388 ], [ -76.8904, 4.4285 ], [ -76.8929, 4.4289 ], [ -76.8932, 4.4322 ], [ -76.8972, 4.4311 ], [ -76.8967, 4.4254 ], [ -76.9027, 4.4253 ], [ -76.9056, 4.4234 ], [ -76.9073, 4.425 ], [ -76.9104, 4.4246 ], [ -76.9063, 4.4335 ], [ -76.9101, 4.4368 ], [ -76.9137, 4.4316 ], [ -76.9168, 4.4304 ], [ -76.9141, 4.4276 ], [ -76.918, 4.4247 ], [ -76.9216, 4.4249 ], [ -76.9214, 4.4187 ], [ -76.9249, 4.428 ], [ -76.9295, 4.4229 ], [ -76.9344, 4.4287 ], [ -76.9401, 4.4262 ], [ -76.9386, 4.4232 ], [ -76.9433, 4.4176 ], [ -76.9427, 4.4233 ], [ -76.9478, 4.4264 ], [ -76.9462, 4.4309 ], [ -76.9476, 4.4315 ], [ -76.9509, 4.4291 ], [ -76.9553, 4.4296 ], [ -76.9589, 4.4364 ], [ -76.9626, 4.4381 ], [ -76.9658, 4.4369 ], [ -76.9699, 4.4404 ], [ -76.9732, 4.4378 ], [ -76.9696, 4.4313 ], [ -76.973, 4.4273 ], [ -76.9759, 4.4317 ], [ -76.9807, 4.4298 ], [ -76.9929, 4.4354 ], [ -77.0023, 4.4361 ], [ -77.0063, 4.4416 ], [ -77.0094, 4.4382 ], [ -77.0113, 4.4394 ], [ -77.0137, 4.4461 ], [ -77.0194, 4.4455 ], [ -77.0212, 4.4472 ], [ -77.0307, 4.446 ], [ -77.0337, 4.4526 ], [ -77.0394, 4.4557 ], [ -77.0466, 4.4658 ], [ -77.0555, 4.47 ], [ -77.0623, 4.4767 ] ] ] ] } },
{ "type": "Feature", "properties": { "GID_2": "COL.13.16_2", "GID_0": "COL", "COUNTRY": "Colombia", "GID_1": "COL.13_2", "NAME_1": "Chocó", "NL_NAME_1": "NA", "NAME_2": "Juradó", "VARNAME_2": "NA", "NL_NAME_2": "NA", "TYPE_2": "Municipio", "ENGTYPE_2": "Municipality", "CC_2": "NA", "HASC_2": "CO.CH.JU", "ppt_mean": 4042.2111978944067, "rad_mean": 4.2661847864777078, "elev_mean": 222.95297989890679, "elev_max": 844.0, "pend_mean": 9.6319936396172015, "pot_kw_count": 2, "pot_kw_sum": 20173.950099000002, "pot_kw_mean": 10086.97505, "salto_m_count": 2, "salto_m_sum": 99.0, "salto_m_mean": 49.5, "DIS_AV_CMS_count": 2, "DIS_AV_CMS_sum": 51.324, "DIS_AV_CMS_mean": 25.662, "nombre": "Juradó", "rios_pch": "Río Juradó; Río Partadó; Río Curiche; Río Cupica; Río Jampavadó; Río Borojó; Río Chaguerá; Río Putumia; Río Coredó; Río Octavia", "n_rios": 12, "pch_mw": 20.2, "vocacion": "PCH + Solar" }, "geometry": { "type": "MultiPolygon", "coordinates": [ [ [ [ -77.5225, 6.6457 ], [ -77.5242, 6.6462 ], [ -77.5226, 6.6482 ], [ -77.5221, 6.6477 ], [ -77.5225, 6.6457 ] ] ], [ [ [ -77.536, 6.6553 ], [ -77.5372, 6.6572 ], [ -77.5351, 6.6579 ], [ -77.5353, 6.6569 ], [ -77.536, 6.6553 ] ] ], [ [ [ -77.5358, 6.6585 ], [ -77.536, 6.6585 ], [ -77.5359, 6.6588 ], [ -77.5358, 6.6585 ] ] ], [ [ [ -77.5362, 6.6592 ], [ -77.536, 6.6589 ], [ -77.5359, 6.6588 ], [ -77.5362, 6.6587 ], [ -77.5362, 6.6592 ] ] ], [ [ [ -77.3691, 6.8055 ], [ -77.3721, 6.8026 ], [ -77.3737, 6.7973 ], [ -77.3766, 6.7954 ], [ -77.3767, 6.7925 ], [ -77.3911, 6.7896 ], [ -77.3972, 6.7844 ], [ -77.4, 6.7855 ], [ -77.4035, 6.7806 ], [ -77.406, 6.7797 ], [ -77.4072, 6.7766 ], [ -77.4094, 6.7763 ], [ -77.4096, 6.7693 ], [ -77.4141, 6.7713 ], [ -77.4165, 6.7713 ], [ -77.4182, 6.7689 ], [ -77.4246, 6.7692 ], [ -77.4245, 6.7657 ], [ -77.4275, 6.766 ], [ -77.4333, 6.7583 ], [ -77.4315, 6.7557 ], [ -77.4342, 6.7522 ], [ -77.4314, 6.7489 ], [ -77.4323, 6.7434 ], [ -77.4424, 6.7395 ], [ -77.4474, 6.7345 ], [ -77.448, 6.7304 ], [ -77.4515, 6.7303 ], [ -77.4566, 6.726 ], [ -77.4595, 6.7221 ], [ -77.4593, 6.7195 ], [ -77.4623, 6.7187 ], [ -77.46, 6.7144 ], [ -77.4676, 6.7108 ], [ -77.4722, 6.7035 ], [ -77.4742, 6.7037 ], [ -77.4837, 6.6979 ], [ -77.4854, 6.6985 ], [ -77.4832, 6.7001 ], [ -77.4868, 6.699 ], [ -77.4899, 6.6955 ], [ -77.5062, 6.6862 ], [ -77.5058, 6.6781 ], [ -77.5108, 6.6662 ], [ -77.509, 6.6624 ], [ -77.5112, 6.6595 ], [ -77.5065, 6.6556 ], [ -77.5032, 6.6562 ], [ -77.5051, 6.655 ], [ -77.5043, 6.651 ], [ -77.5126, 6.6538 ], [ -77.5132, 6.6557 ], [ -77.5157, 6.656 ], [ -77.5193, 6.6599 ], [ -77.5254, 6.6563 ], [ -77.5237, 6.6493 ], [ -77.5268, 6.6474 ], [ -77.5265, 6.6507 ], [ -77.5293, 6.6521 ], [ -77.5278, 6.655 ], [ -77.5296, 6.6553 ], [ -77.5307, 6.6582 ], [ -77.5358, 6.6585 ], [ -77.5335, 6.6629 ], [ -77.5357, 6.6643 ], [ -77.5349, 6.667 ], [ -77.5379, 6.669 ], [ -77.5376, 6.6705 ], [ -77.5323, 6.6702 ], [ -77.5308, 6.6722 ], [ -77.5356, 6.6768 ], [ -77.5379, 6.6846 ], [ -77.541, 6.6861 ], [ -77.5343, 6.6954 ], [ -77.534, 6.6996 ], [ -77.537, 6.7051 ], [ -77.536, 6.7079 ], [ -77.5382, 6.7099 ], [ -77.5399, 6.7157 ], [ -77.544, 6.7179 ], [ -77.5474, 6.7243 ], [ -77.546, 6.7332 ], [ -77.5482, 6.7363 ], [ -77.5482, 6.7404 ], [ -77.5496, 6.7407 ], [ -77.5493, 6.744 ], [ -77.5518, 6.7499 ], [ -77.5582, 6.7525 ], [ -77.5574, 6.7554 ], [ -77.5604, 6.7571 ], [ -77.5594, 6.7601 ], [ -77.5643, 6.7628 ], [ -77.5618, 6.7659 ], [ -77.5615, 6.7724 ], [ -77.5662, 6.7732 ], [ -77.5668, 6.7782 ], [ -77.5678, 6.7768 ], [ -77.5692, 6.7771 ], [ -77.5669, 6.7793 ], [ -77.5679, 6.7843 ], [ -77.5657, 6.7851 ], [ -77.5685, 6.7926 ], [ -77.5729, 6.7976 ], [ -77.5765, 6.7975 ], [ -77.5768, 6.8024 ], [ -77.579, 6.8038 ], [ -77.581, 6.8031 ], [ -77.5818, 6.8107 ], [ -77.5885, 6.8122 ], [ -77.5887, 6.8134 ], [ -77.5857, 6.8146 ], [ -77.586, 6.8165 ], [ -77.594, 6.8232 ], [ -77.597, 6.8242 ], [ -77.5985, 6.8226 ], [ -77.5998, 6.8278 ], [ -77.6035, 6.8303 ], [ -77.6057, 6.8343 ], [ -77.6135, 6.8393 ], [ -77.6162, 6.8429 ], [ -77.6282, 6.8487 ], [ -77.6301, 6.8515 ], [ -77.6401, 6.8543 ], [ -77.644, 6.8538 ], [ -77.6501, 6.8588 ], [ -77.655, 6.8577 ], [ -77.6558, 6.8543 ], [ -77.6579, 6.8554 ], [ -77.659, 6.8579 ], [ -77.6581, 6.8597 ], [ -77.6604, 6.8635 ], [ -77.6596, 6.8654 ], [ -77.664, 6.8708 ], [ -77.6632, 6.8737 ], [ -77.6663, 6.8757 ], [ -77.6745, 6.8765 ], [ -77.685, 6.8718 ], [ -77.6844, 6.8629 ], [ -77.6873, 6.8594 ], [ -77.687, 6.8548 ], [ -77.6887, 6.8544 ], [ -77.6881, 6.8509 ], [ -77.69, 6.8492 ], [ -77.6881, 6.846 ], [ -77.6912, 6.8454 ], [ -77.6889, 6.8432 ], [ -77.6902, 6.8355 ], [ -77.6957, 6.8354 ], [ -77.6957, 6.8374 ], [ -77.6979, 6.8388 ], [ -77.6976, 6.8421 ], [ -77.7005, 6.8433 ], [ -77.7026, 6.842 ], [ -77.7018, 6.8496 ], [ -77.7032, 6.851 ], [ -77.7015, 6.8538 ], [ -77.7043, 6.8546 ], [ -77.704, 6.8565 ], [ -77.7068, 6.8579 ], [ -77.7049, 6.8585 ], [ -77.7021, 6.8649 ], [ -77.7038, 6.866 ], [ -77.706, 6.8735 ], [ -77.7124, 6.8788 ], [ -77.711, 6.8807 ], [ -77.7124, 6.8852 ], [ -77.7082, 6.8915 ], [ -77.7096, 6.894 ], [ -77.7076, 6.8951 ], [ -77.7087, 6.8999 ], [ -77.7059, 6.9041 ], [ -77.7076, 6.9048 ], [ -77.706, 6.911 ], [ -77.7014, 6.9146 ], [ -77.7007, 6.9125 ], [ -77.6979, 6.9132 ], [ -77.696, 6.9165 ], [ -77.6961, 6.9228 ], [ -77.6988, 6.9226 ], [ -77.6963, 6.9269 ], [ -77.699, 6.9327 ], [ -77.6963, 6.936 ], [ -77.6969, 6.9387 ], [ -77.6988, 6.9393 ], [ -77.6921, 6.9401 ], [ -77.6871, 6.9438 ], [ -77.6856, 6.9472 ], [ -77.6821, 6.9471 ], [ -77.6789, 6.9551 ], [ -77.6745, 6.9565 ], [ -77.6759, 6.9533 ], [ -77.6747, 6.9512 ], [ -77.6701, 6.9485 ], [ -77.6624, 6.9524 ], [ -77.6546, 6.966 ], [ -77.656, 6.9674 ], [ -77.6565, 6.9815 ], [ -77.6593, 6.9888 ], [ -77.6593, 6.9946 ], [ -77.6726, 7.016 ], [ -77.6729, 7.0188 ], [ -77.6762, 7.0199 ], [ -77.6799, 7.0243 ], [ -77.6799, 7.0368 ], [ -77.6843, 7.0446 ], [ -77.6879, 7.0482 ], [ -77.6968, 7.0501 ], [ -77.7074, 7.0651 ], [ -77.7143, 7.0674 ], [ -77.7157, 7.071 ], [ -77.7149, 7.0665 ], [ -77.7074, 7.0624 ], [ -77.7021, 7.0499 ], [ -77.6857, 7.0365 ], [ -77.6862, 7.0351 ], [ -77.6907, 7.036 ], [ -77.7176, 7.0635 ], [ -77.7401, 7.081 ], [ -77.7443, 7.089 ], [ -77.7501, 7.0929 ], [ -77.7487, 7.0901 ], [ -77.7496, 7.0896 ], [ -77.7549, 7.0943 ], [ -77.7696, 7.109 ], [ -77.7707, 7.1138 ], [ -77.7742, 7.1135 ], [ -77.7749, 7.1193 ], [ -77.7817, 7.1299 ], [ -77.7807, 7.1318 ], [ -77.7921, 7.144 ], [ -77.7934, 7.1444 ], [ -77.7941, 7.1437 ], [ -77.7945, 7.144 ], [ -77.7957, 7.1482 ], [ -77.8071, 7.1507 ], [ -77.8079, 7.1454 ], [ -77.8093, 7.1454 ], [ -77.811, 7.1501 ], [ -77.8137, 7.1446 ], [ -77.8157, 7.1471 ], [ -77.8145, 7.1486 ], [ -77.8187, 7.1493 ], [ -77.82, 7.1527 ], [ -77.8213, 7.1521 ], [ -77.8213, 7.1488 ], [ -77.8229, 7.1494 ], [ -77.8262, 7.155 ], [ -77.8288, 7.1563 ], [ -77.8285, 7.1598 ], [ -77.8318, 7.1604 ], [ -77.8292, 7.1617 ], [ -77.8293, 7.1639 ], [ -77.8314, 7.1659 ], [ -77.8358, 7.1666 ], [ -77.8363, 7.1701 ], [ -77.8348, 7.1723 ], [ -77.8374, 7.1775 ], [ -77.8354, 7.1787 ], [ -77.8374, 7.1802 ], [ -77.8393, 7.1796 ], [ -77.8409, 7.1837 ], [ -77.8441, 7.1861 ], [ -77.8491, 7.1864 ], [ -77.8545, 7.1817 ], [ -77.8522, 7.187 ], [ -77.8534, 7.187 ], [ -77.8518, 7.1878 ], [ -77.8546, 7.1892 ], [ -77.8534, 7.1934 ], [ -77.857, 7.1959 ], [ -77.8638, 7.1931 ], [ -77.8641, 7.1958 ], [ -77.8664, 7.1968 ], [ -77.8646, 7.1992 ], [ -77.8665, 7.2007 ], [ -77.8642, 7.2027 ], [ -77.8665, 7.2067 ], [ -77.8732, 7.207 ], [ -77.8754, 7.2101 ], [ -77.8743, 7.2129 ], [ -77.8763, 7.2121 ], [ -77.8807, 7.2187 ], [ -77.8699, 7.2357 ], [ -77.8595, 7.2737 ], [ -77.8587, 7.2856 ], [ -77.8482, 7.3031 ], [ -77.8475, 7.3182 ], [ -77.8448, 7.3244 ], [ -77.8466, 7.329 ], [ -77.8461, 7.3328 ], [ -77.8305, 7.3606 ], [ -77.8244, 7.3841 ], [ -77.8189, 7.3963 ], [ -77.817, 7.4079 ], [ -77.8099, 7.4281 ], [ -77.8039, 7.4395 ], [ -77.8009, 7.4542 ], [ -77.7976, 7.4622 ], [ -77.7935, 7.4512 ], [ -77.7794, 7.4543 ], [ -77.7717, 7.452 ], [ -77.7651, 7.4479 ], [ -77.7626, 7.4481 ], [ -77.7547, 7.4559 ], [ -77.75, 7.4652 ], [ -77.7395, 7.467 ], [ -77.7293, 7.4711 ], [ -77.7198, 7.4814 ], [ -77.7181, 7.4896 ], [ -77.7158, 7.4921 ], [ -77.7048, 7.4987 ], [ -77.7011, 7.4955 ], [ -77.7028, 7.491 ], [ -77.7003, 7.4849 ], [ -77.7023, 7.4706 ], [ -77.6966, 7.4638 ], [ -77.6957, 7.4589 ], [ -77.7047, 7.4435 ], [ -77.7099, 7.4372 ], [ -77.7148, 7.4353 ], [ -77.7165, 7.433 ], [ -77.7177, 7.4203 ], [ -77.7236, 7.4122 ], [ -77.7266, 7.395 ], [ -77.7312, 7.3841 ], [ -77.7287, 7.3714 ], [ -77.7242, 7.3643 ], [ -77.7141, 7.3389 ], [ -77.7051, 7.3282 ], [ -77.6974, 7.3053 ], [ -77.689, 7.3025 ], [ -77.6817, 7.295 ], [ -77.6718, 7.2909 ], [ -77.6689, 7.2882 ], [ -77.6688, 7.2804 ], [ -77.6763, 7.2686 ], [ -77.6782, 7.2558 ], [ -77.6754, 7.2413 ], [ -77.6691, 7.2342 ], [ -77.6635, 7.2191 ], [ -77.6494, 7.2187 ], [ -77.6433, 7.2146 ], [ -77.6298, 7.2115 ], [ -77.6165, 7.2027 ], [ -77.6085, 7.2025 ], [ -77.6022, 7.2045 ], [ -77.5966, 7.2022 ], [ -77.5932, 7.1942 ], [ -77.5891, 7.1909 ], [ -77.5859, 7.1827 ], [ -77.5861, 7.1779 ], [ -77.5832, 7.1767 ], [ -77.5797, 7.1711 ], [ -77.5862, 7.1559 ], [ -77.5927, 7.1541 ], [ -77.5946, 7.1499 ], [ -77.5969, 7.1502 ], [ -77.5993, 7.1477 ], [ -77.5963, 7.1411 ], [ -77.5921, 7.1379 ], [ -77.5954, 7.1297 ], [ -77.5944, 7.1257 ], [ -77.5961, 7.1139 ], [ -77.5926, 7.1005 ], [ -77.596, 7.0873 ], [ -77.595, 7.0843 ], [ -77.5808, 7.0748 ], [ -77.5755, 7.0682 ], [ -77.5756, 7.0496 ], [ -77.5718, 7.0401 ], [ -77.5816, 7.0287 ], [ -77.5817, 7.0264 ], [ -77.5675, 7.0092 ], [ -77.563, 6.9962 ], [ -77.5568, 6.991 ], [ -77.5584, 6.9808 ], [ -77.566, 6.9601 ], [ -77.582, 6.9385 ], [ -77.5826, 6.9341 ], [ -77.587, 6.9299 ], [ -77.5883, 6.9213 ], [ -77.5872, 6.9188 ], [ -77.5764, 6.9161 ], [ -77.5732, 6.9138 ], [ -77.5669, 6.8915 ], [ -77.5627, 6.8875 ], [ -77.5559, 6.8732 ], [ -77.5488, 6.8738 ], [ -77.5414, 6.8665 ], [ -77.5414, 6.8544 ], [ -77.533, 6.846 ], [ -77.5357, 6.8379 ], [ -77.5399, 6.832 ], [ -77.5411, 6.8229 ], [ -77.5392, 6.817 ], [ -77.527, 6.8061 ], [ -77.5246, 6.8008 ], [ -77.5292, 6.7799 ], [ -77.5403, 6.7715 ], [ -77.5348, 6.7618 ], [ -77.5361, 6.7339 ], [ -77.5345, 6.7248 ], [ -77.5317, 6.7243 ], [ -77.5246, 6.73 ], [ -77.5194, 6.7315 ], [ -77.5184, 6.7366 ], [ -77.5117, 6.7432 ], [ -77.5008, 6.7483 ], [ -77.4953, 6.7477 ], [ -77.4893, 6.7518 ], [ -77.4825, 6.7527 ], [ -77.4818, 6.7565 ], [ -77.4848, 6.764 ], [ -77.4787, 6.7686 ], [ -77.4771, 6.7815 ], [ -77.4634, 6.802 ], [ -77.4602, 6.815 ], [ -77.4577, 6.8189 ], [ -77.4478, 6.8215 ], [ -77.4455, 6.8191 ], [ -77.439, 6.8181 ], [ -77.4373, 6.8167 ], [ -77.4374, 6.8141 ], [ -77.4339, 6.8125 ], [ -77.4268, 6.8167 ], [ -77.4223, 6.8125 ], [ -77.4214, 6.8142 ], [ -77.4184, 6.8144 ], [ -77.4177, 6.8122 ], [ -77.4123, 6.8106 ], [ -77.4104, 6.8112 ], [ -77.4108, 6.8131 ], [ -77.4083, 6.8136 ], [ -77.4048, 6.8118 ], [ -77.4044, 6.8133 ], [ -77.4, 6.8146 ], [ -77.3997, 6.8173 ], [ -77.3971, 6.8185 ], [ -77.3896, 6.8155 ], [ -77.3881, 6.813 ], [ -77.3803, 6.8077 ], [ -77.3804, 6.8057 ], [ -77.3764, 6.8073 ], [ -77.3757, 6.806 ], [ -77.3745, 6.8081 ], [ -77.3739, 6.8066 ], [ -77.3691, 6.8055 ] ], [ [ -77.8043, 7.1507 ], [ -77.8045, 7.1505 ], [ -77.8043, 7.1504 ], [ -77.8043, 7.1507 ] ] ] ] } },
{ "type": "Feature", "properties": { "GID_2": "COL.13.17_2", "GID_0": "COL", "COUNTRY": "Colombia", "GID_1": "COL.13_2", "NAME_1": "Chocó", "NL_NAME_1": "NA", "NAME_2": "Lloró", "VARNAME_2": "NA", "NL_NAME_2": "NA", "TYPE_2": "Municipio", "ENGTYPE_2": "Municipality", "CC_2": "NA", "HASC_2": "CO.CH.LL", "ppt_mean": 6946.5324103118119, "rad_mean": 3.7293605554623612, "elev_mean": 231.91360068242057, "elev_max": 1437.0, "pend_mean": 8.0234605567054782, "pot_kw_count": 17, "pot_kw_sum": 521214.86965499999, "pot_kw_mean": 30659.698215, "salto_m_count": 17, "salto_m_sum": 731.0, "salto_m_mean": 43.0, "DIS_AV_CMS_count": 17, "DIS_AV_CMS_sum": 1456.07, "DIS_AV_CMS_mean": 85.651176, "nombre": "Lloró", "rios_pch": "Río Atrato; Río Bravo; Río Capá; Río Andagueda; Río Tumutumbudó", "n_rios": 5, "pch_mw": 521.2, "vocacion": "PCH" }, "geometry": { "type": "MultiPolygon", "coordinates": [ [ [ [ -76.5706, 5.4491 ], [ -76.575, 5.4614 ], [ -76.5797, 5.4611 ], [ -76.5812, 5.4627 ], [ -76.5782, 5.4656 ], [ -76.5782, 5.4706 ], [ -76.581, 5.4736 ], [ -76.5806, 5.4761 ], [ -76.5784, 5.4765 ], [ -76.5789, 5.4801 ], [ -76.5814, 5.4793 ], [ -76.5799, 5.4821 ], [ -76.5823, 5.4855 ], [ -76.5808, 5.4887 ], [ -76.5815, 5.4911 ], [ -76.5842, 5.4928 ], [ -76.5835, 5.4957 ], [ -76.5879, 5.5015 ], [ -76.5861, 5.5091 ], [ -76.5882, 5.5102 ], [ -76.5876, 5.5169 ], [ -76.5842, 5.5277 ], [ -76.5886, 5.545 ], [ -76.5865, 5.5485 ], [ -76.5822, 5.5479 ], [ -76.5797, 5.5449 ], [ -76.58, 5.5489 ], [ -76.5739, 5.5486 ], [ -76.5745, 5.5514 ], [ -76.5734, 5.5519 ], [ -76.5692, 5.5511 ], [ -76.5689, 5.548 ], [ -76.5638, 5.5465 ], [ -76.5599, 5.55 ], [ -76.5569, 5.5477 ], [ -76.5534, 5.5524 ], [ -76.5518, 5.5522 ], [ -76.5527, 5.5504 ], [ -76.5496, 5.55 ], [ -76.5499, 5.548 ], [ -76.5474, 5.5494 ], [ -76.5462, 5.548 ], [ -76.5443, 5.5499 ], [ -76.5412, 5.5487 ], [ -76.5413, 5.5518 ], [ -76.5389, 5.5517 ], [ -76.538, 5.5536 ], [ -76.5358, 5.5516 ], [ -76.5367, 5.55 ], [ -76.5329, 5.55 ], [ -76.5325, 5.5516 ], [ -76.5298, 5.5498 ], [ -76.5279, 5.5527 ], [ -76.5236, 5.5497 ], [ -76.5231, 5.552 ], [ -76.5186, 5.5496 ], [ -76.5081, 5.554 ], [ -76.5064, 5.5675 ], [ -76.4994, 5.5861 ], [ -76.5032, 5.6037 ], [ -76.5094, 5.6161 ], [ -76.5103, 5.6222 ], [ -76.5016, 5.6455 ], [ -76.5035, 5.6523 ], [ -76.5153, 5.6709 ], [ -76.5154, 5.6757 ], [ -76.5115, 5.6811 ], [ -76.4889, 5.6902 ], [ -76.4693, 5.7015 ], [ -76.4577, 5.7044 ], [ -76.4465, 5.7005 ], [ -76.4424, 5.7005 ], [ -76.4311, 5.7081 ], [ -76.4053, 5.7206 ], [ -76.3773, 5.7255 ], [ -76.3721, 5.7153 ], [ -76.3687, 5.681 ], [ -76.3627, 5.6703 ], [ -76.3401, 5.6682 ], [ -76.3352, 5.6731 ], [ -76.332, 5.6809 ], [ -76.3278, 5.6839 ], [ -76.3076, 5.684 ], [ -76.3033, 5.676 ], [ -76.2729, 5.6588 ], [ -76.2652, 5.6471 ], [ -76.2043, 5.62 ], [ -76.2008, 5.6157 ], [ -76.2119, 5.6074 ], [ -76.2406, 5.5913 ], [ -76.2475, 5.5831 ], [ -76.2613, 5.5716 ], [ -76.2795, 5.5592 ], [ -76.3008, 5.5376 ], [ -76.3243, 5.5085 ], [ -76.3353, 5.4843 ], [ -76.3518, 5.4553 ], [ -76.3647, 5.445 ], [ -76.384, 5.4407 ], [ -76.4003, 5.4393 ], [ -76.4083, 5.4439 ], [ -76.423, 5.4432 ], [ -76.4443, 5.4375 ], [ -76.45, 5.4385 ], [ -76.4638, 5.4356 ], [ -76.4778, 5.4362 ], [ -76.4889, 5.4329 ], [ -76.5017, 5.4321 ], [ -76.5064, 5.4327 ], [ -76.5115, 5.437 ], [ -76.5177, 5.4388 ], [ -76.5382, 5.4388 ], [ -76.5542, 5.4433 ], [ -76.5619, 5.4434 ], [ -76.5675, 5.4516 ], [ -76.5691, 5.4518 ], [ -76.5706, 5.4491 ] ] ] ] } },
{ "type": "Feature", "properties": { "GID_2": "COL.13.18_2", "GID_0": "COL", "COUNTRY": "Colombia", "GID_1": "COL.13_2", "NAME_1": "Chocó", "NL_NAME_1": "NA", "NAME_2": "MedioAtrato", "VARNAME_2": "NA", "NL_NAME_2": "NA", "TYPE_2": "Municipio", "ENGTYPE_2": "Municipality", "CC_2": "NA", "HASC_2": "CO.CH.MA", "ppt_mean": 6238.706709944795, "rad_mean": 3.4362552021919774, "elev_mean": 129.1151049676931, "elev_max": 1391.0, "pend_mean": 5.3484878640360431, "pot_kw_count": 22, "pot_kw_sum": 331028.96078700002, "pot_kw_mean": 15046.770945, "salto_m_count": 22, "salto_m_sum": 948.0, "salto_m_mean": 43.090909, "DIS_AV_CMS_count": 22, "DIS_AV_CMS_sum": 907.197, "DIS_AV_CMS_mean": 41.236227, "nombre": "Medio Atrato", "rios_pch": "Río Atrato; Río Buey; Río Tanguí; Río Beté; Río Chicué; Río Bebaramá; Río Bebará; Río Chaquimendó; Río Chaquenendó; Río Amé", "n_rios": 14, "pch_mw": 331.0, "vocacion": "PCH" }, "geometry": { "type": "MultiPolygon", "coordinates": [ [ [ [ -76.4542, 6.1784 ], [ -76.4, 6.1803 ], [ -76.3295, 6.1923 ], [ -76.3432, 6.1584 ], [ -76.3442, 6.1542 ], [ -76.343, 6.1494 ], [ -76.3595, 6.144 ], [ -76.3801, 6.1205 ], [ -76.3937, 6.1108 ], [ -76.3994, 6.1025 ], [ -76.4147, 6.0946 ], [ -76.4273, 6.0784 ], [ -76.4389, 6.072 ], [ -76.4561, 6.057 ], [ -76.4547, 6.0475 ], [ -76.4584, 6.0371 ], [ -76.4603, 6.0162 ], [ -76.4661, 6.0049 ], [ -76.477, 5.9904 ], [ -76.4944, 5.9879 ], [ -76.5079, 5.9818 ], [ -76.5174, 5.9835 ], [ -76.5313, 5.9965 ], [ -76.537, 5.9707 ], [ -76.5281, 5.9707 ], [ -76.5292, 5.9658 ], [ -76.5376, 5.9617 ], [ -76.5459, 5.9538 ], [ -76.5529, 5.9506 ], [ -76.5655, 5.94 ], [ -76.5793, 5.9339 ], [ -76.589, 5.9323 ], [ -76.585, 5.9213 ], [ -76.5857, 5.9135 ], [ -76.5897, 5.9101 ], [ -76.5942, 5.9076 ], [ -76.6076, 5.9059 ], [ -76.6148, 5.9021 ], [ -76.6307, 5.8973 ], [ -76.6318, 5.8935 ], [ -76.6362, 5.8905 ], [ -76.6381, 5.8866 ], [ -76.6419, 5.8858 ], [ -76.6435, 5.8882 ], [ -76.647, 5.8873 ], [ -76.6482, 5.8851 ], [ -76.6537, 5.8872 ], [ -76.6562, 5.8846 ], [ -76.6701, 5.8811 ], [ -76.6713, 5.8782 ], [ -76.6749, 5.8773 ], [ -76.6809, 5.8718 ], [ -76.6831, 5.8746 ], [ -76.6913, 5.8738 ], [ -76.6919, 5.8771 ], [ -76.6934, 5.8771 ], [ -76.6929, 5.8793 ], [ -76.6969, 5.8777 ], [ -76.709, 5.8828 ], [ -76.7114, 5.8797 ], [ -76.7132, 5.8802 ], [ -76.7159, 5.8778 ], [ -76.7063, 5.8673 ], [ -76.7105, 5.8635 ], [ -76.7139, 5.8527 ], [ -76.7192, 5.8469 ], [ -76.7247, 5.8352 ], [ -76.7344, 5.8395 ], [ -76.7392, 5.84 ], [ -76.7571, 5.8356 ], [ -76.7636, 5.8312 ], [ -76.7692, 5.8222 ], [ -76.7943, 5.827 ], [ -76.8043, 5.8223 ], [ -76.8151, 5.8217 ], [ -76.8213, 5.8179 ], [ -76.8289, 5.8189 ], [ -76.8383, 5.8123 ], [ -76.8427, 5.8123 ], [ -76.847, 5.815 ], [ -76.8611, 5.8261 ], [ -76.8592, 5.8394 ], [ -76.8645, 5.8391 ], [ -76.8677, 5.8435 ], [ -76.8752, 5.8442 ], [ -76.889, 5.8531 ], [ -76.8887, 5.857 ], [ -76.8922, 5.8644 ], [ -76.9082, 5.8752 ], [ -76.9107, 5.8818 ], [ -76.9223, 5.8903 ], [ -76.9261, 5.8997 ], [ -76.9259, 5.928 ], [ -76.9315, 5.9385 ], [ -76.9241, 5.947 ], [ -76.9289, 5.9538 ], [ -76.9284, 5.9588 ], [ -76.9243, 5.9624 ], [ -76.9259, 5.9645 ], [ -76.9233, 5.9658 ], [ -76.9251, 5.9684 ], [ -76.9232, 5.9704 ], [ -76.9254, 5.9729 ], [ -76.9232, 5.9738 ], [ -76.9213, 5.9724 ], [ -76.9197, 5.9754 ], [ -76.9233, 5.9793 ], [ -76.9172, 5.9808 ], [ -76.9168, 5.9843 ], [ -76.9141, 5.9809 ], [ -76.9157, 5.9787 ], [ -76.9116, 5.9789 ], [ -76.911, 5.9753 ], [ -76.9105, 5.9767 ], [ -76.9086, 5.9765 ], [ -76.9084, 5.9796 ], [ -76.907, 5.9782 ], [ -76.9044, 5.9792 ], [ -76.9022, 5.9765 ], [ -76.9011, 5.9808 ], [ -76.9049, 5.984 ], [ -76.9082, 5.984 ], [ -76.908, 5.9863 ], [ -76.904, 5.9855 ], [ -76.9054, 5.9894 ], [ -76.9028, 5.9954 ], [ -76.905, 5.9957 ], [ -76.9066, 5.9986 ], [ -76.9075, 5.9958 ], [ -76.9096, 5.996 ], [ -76.9104, 5.9928 ], [ -76.9122, 5.9926 ], [ -76.9109, 5.9976 ], [ -76.9144, 6.0012 ], [ -76.9147, 5.9965 ], [ -76.9198, 5.9944 ], [ -76.9186, 5.9975 ], [ -76.9205, 5.9979 ], [ -76.9237, 6.004 ], [ -76.9259, 6.0039 ], [ -76.9278, 6.009 ], [ -76.9272, 6.0111 ], [ -76.9234, 6.0087 ], [ -76.9237, 6.0133 ], [ -76.9283, 6.0151 ], [ -76.9297, 6.0211 ], [ -76.9316, 6.0197 ], [ -76.9345, 6.0204 ], [ -76.9353, 6.023 ], [ -76.9399, 6.0198 ], [ -76.9419, 6.0214 ], [ -76.9424, 6.0239 ], [ -76.9397, 6.0297 ], [ -76.9298, 6.0343 ], [ -76.9281, 6.0379 ], [ -76.9337, 6.0393 ], [ -76.9376, 6.0383 ], [ -76.9452, 6.0407 ], [ -76.9515, 6.0389 ], [ -76.9562, 6.0424 ], [ -76.961, 6.0428 ], [ -76.964, 6.0473 ], [ -76.9732, 6.0403 ], [ -76.9845, 6.017 ], [ -76.9877, 6.0174 ], [ -76.9858, 6.0238 ], [ -76.9869, 6.0293 ], [ -76.9841, 6.0294 ], [ -76.9838, 6.0312 ], [ -76.9858, 6.0321 ], [ -76.9828, 6.0329 ], [ -76.9845, 6.0362 ], [ -76.9804, 6.0406 ], [ -76.9822, 6.0411 ], [ -76.9816, 6.0449 ], [ -76.9831, 6.0456 ], [ -76.9819, 6.0495 ], [ -76.9789, 6.0513 ], [ -76.98, 6.0523 ], [ -76.9787, 6.0543 ], [ -76.9808, 6.0533 ], [ -76.9832, 6.0564 ], [ -76.98, 6.0582 ], [ -76.9798, 6.0606 ], [ -76.9815, 6.0615 ], [ -76.9748, 6.0658 ], [ -76.9756, 6.0688 ], [ -76.9714, 6.0675 ], [ -76.9716, 6.0722 ], [ -76.9693, 6.0753 ], [ -76.9673, 6.0746 ], [ -76.9664, 6.0759 ], [ -76.9691, 6.0769 ], [ -76.9676, 6.0816 ], [ -76.9698, 6.0804 ], [ -76.9717, 6.0814 ], [ -76.9687, 6.0829 ], [ -76.9682, 6.0852 ], [ -76.9662, 6.0835 ], [ -76.9646, 6.0846 ], [ -76.9645, 6.0877 ], [ -76.9691, 6.0877 ], [ -76.9653, 6.0916 ], [ -76.9704, 6.096 ], [ -76.9686, 6.097 ], [ -76.9683, 6.1008 ], [ -76.9649, 6.1016 ], [ -76.9649, 6.1098 ], [ -76.9611, 6.1088 ], [ -76.9594, 6.1033 ], [ -76.956, 6.1059 ], [ -76.9575, 6.1117 ], [ -76.9561, 6.1131 ], [ -76.9544, 6.1121 ], [ -76.9541, 6.1141 ], [ -76.9593, 6.1145 ], [ -76.96, 6.116 ], [ -76.9538, 6.1167 ], [ -76.9502, 6.12 ], [ -76.9485, 6.1299 ], [ -76.9445, 6.1321 ], [ -76.9407, 6.1395 ], [ -76.9397, 6.1482 ], [ -76.9359, 6.1461 ], [ -76.9318, 6.1482 ], [ -76.9235, 6.1395 ], [ -76.918, 6.1385 ], [ -76.9148, 6.1333 ], [ -76.9011, 6.1305 ], [ -76.8938, 6.1212 ], [ -76.8926, 6.1173 ], [ -76.8908, 6.1187 ], [ -76.8816, 6.1176 ], [ -76.8801, 6.1138 ], [ -76.8708, 6.1142 ], [ -76.869, 6.1119 ], [ -76.8667, 6.1128 ], [ -76.8654, 6.1111 ], [ -76.8631, 6.1119 ], [ -76.8616, 6.1159 ], [ -76.8486, 6.1302 ], [ -76.8389, 6.1248 ], [ -76.8313, 6.1301 ], [ -76.8275, 6.1299 ], [ -76.8099, 6.119 ], [ -76.8028, 6.1205 ], [ -76.7879, 6.1199 ], [ -76.7819, 6.1228 ], [ -76.7741, 6.1241 ], [ -76.7654, 6.1303 ], [ -76.7641, 6.1329 ], [ -76.7529, 6.1332 ], [ -76.75, 6.138 ], [ -76.7486, 6.1447 ], [ -76.7423, 6.1492 ], [ -76.7412, 6.1535 ], [ -76.7369, 6.155 ], [ -76.7366, 6.1583 ], [ -76.7305, 6.1552 ], [ -76.7225, 6.1582 ], [ -76.7191, 6.1617 ], [ -76.7151, 6.1616 ], [ -76.7159, 6.1708 ], [ -76.7028, 6.1685 ], [ -76.6944, 6.1632 ], [ -76.6896, 6.166 ], [ -76.6892, 6.1623 ], [ -76.6869, 6.1615 ], [ -76.681, 6.1694 ], [ -76.6845, 6.171 ], [ -76.6782, 6.1732 ], [ -76.6733, 6.1705 ], [ -76.6721, 6.1742 ], [ -76.6687, 6.1697 ], [ -76.6667, 6.1718 ], [ -76.6635, 6.1707 ], [ -76.6551, 6.1732 ], [ -76.644, 6.1683 ], [ -76.6388, 6.1752 ], [ -76.6196, 6.1756 ], [ -76.614, 6.1813 ], [ -76.5897, 6.1876 ], [ -76.5355, 6.1785 ], [ -76.5266, 6.1694 ], [ -76.4971, 6.1658 ], [ -76.4843, 6.1692 ], [ -76.4725, 6.1701 ], [ -76.4542, 6.1784 ] ] ] ] } },
{ "type": "Feature", "properties": { "GID_2": "COL.13.19_2", "GID_0": "COL", "COUNTRY": "Colombia", "GID_1": "COL.13_2", "NAME_1": "Chocó", "NL_NAME_1": "NA", "NAME_2": "MedioBaudó", "VARNAME_2": "NA", "NL_NAME_2": "NA", "TYPE_2": "Municipio", "ENGTYPE_2": "Municipality", "CC_2": "NA", "HASC_2": "CO.CH.MB", "ppt_mean": 7480.6227844107916, "rad_mean": 3.3555248218803304, "elev_mean": 63.369924732322694, "elev_max": 318.0, "pend_mean": 5.8207470730109323, "pot_kw_count": 8, "pot_kw_sum": 854760.673251, "pot_kw_mean": 106845.084156, "salto_m_count": 8, "salto_m_sum": 267.0, "salto_m_mean": 33.375, "DIS_AV_CMS_count": 8, "DIS_AV_CMS_sum": 3031.397, "DIS_AV_CMS_mean": 378.924625, "nombre": "Medio Baudó", "rios_pch": "Río Baudó; Río Pepé; Río Torreidó; Río Purricha; Río Curundó; Río Berreberre; Río Salado", "n_rios": 7, "pch_mw": 854.8, "vocacion": "PCH" }, "geometry": { "type": "MultiPolygon", "coordinates": [ [ [ [ -76.9322, 5.2872 ], [ -76.9311, 5.2837 ], [ -76.9326, 5.279 ], [ -76.929, 5.2808 ], [ -76.9277, 5.2842 ], [ -76.918, 5.2838 ], [ -76.9134, 5.2789 ], [ -76.9109, 5.2821 ], [ -76.9097, 5.2814 ], [ -76.9065, 5.2834 ], [ -76.911, 5.2852 ], [ -76.9065, 5.2896 ], [ -76.908, 5.2905 ], [ -76.9083, 5.2935 ], [ -76.9071, 5.2936 ], [ -76.9082, 5.295 ], [ -76.9018, 5.302 ], [ -76.9007, 5.3044 ], [ -76.9027, 5.3069 ], [ -76.9008, 5.3092 ], [ -76.9028, 5.3101 ], [ -76.8981, 5.3129 ], [ -76.8944, 5.3218 ], [ -76.897, 5.3237 ], [ -76.8961, 5.3251 ], [ -76.8979, 5.3294 ], [ -76.895, 5.3328 ], [ -76.8925, 5.3322 ], [ -76.8893, 5.3348 ], [ -76.8859, 5.343 ], [ -76.8833, 5.3436 ], [ -76.8826, 5.3469 ], [ -76.8843, 5.3484 ], [ -76.8831, 5.3505 ], [ -76.8845, 5.3522 ], [ -76.8825, 5.3554 ], [ -76.8822, 5.3599 ], [ -76.878, 5.3635 ], [ -76.8764, 5.3693 ], [ -76.8734, 5.3699 ], [ -76.8747, 5.3717 ], [ -76.873, 5.3723 ], [ -76.8708, 5.3775 ], [ -76.8677, 5.3779 ], [ -76.869, 5.3788 ], [ -76.8667, 5.38 ], [ -76.8674, 5.3813 ], [ -76.8647, 5.3824 ], [ -76.8603, 5.3877 ], [ -76.8565, 5.3799 ], [ -76.8488, 5.377 ], [ -76.8456, 5.3733 ], [ -76.8451, 5.3655 ], [ -76.8376, 5.3556 ], [ -76.8293, 5.3505 ], [ -76.826, 5.3462 ], [ -76.825, 5.3416 ], [ -76.8252, 5.3266 ], [ -76.8337, 5.3196 ], [ -76.8321, 5.311 ], [ -76.8351, 5.3062 ], [ -76.8318, 5.3045 ], [ -76.8339, 5.3002 ], [ -76.8297, 5.2933 ], [ -76.838, 5.2841 ], [ -76.838, 5.274 ], [ -76.8421, 5.2682 ], [ -76.8478, 5.2638 ], [ -76.8564, 5.264 ], [ -76.8515, 5.2588 ], [ -76.8515, 5.2483 ], [ -76.8536, 5.2426 ], [ -76.8528, 5.2383 ], [ -76.8486, 5.2326 ], [ -76.8481, 5.228 ], [ -76.8515, 5.2258 ], [ -76.8521, 5.2194 ], [ -76.8543, 5.2171 ], [ -76.8511, 5.2138 ], [ -76.8516, 5.2077 ], [ -76.8491, 5.2071 ], [ -76.8457, 5.2096 ], [ -76.8456, 5.206 ], [ -76.8392, 5.2051 ], [ -76.8396, 5.2016 ], [ -76.8369, 5.2 ], [ -76.8347, 5.1912 ], [ -76.8398, 5.177 ], [ -76.8161, 5.1706 ], [ -76.8132, 5.1681 ], [ -76.8067, 5.1717 ], [ -76.8006, 5.1674 ], [ -76.792, 5.1677 ], [ -76.7901, 5.1595 ], [ -76.7905, 5.1552 ], [ -76.795, 5.1531 ], [ -76.7972, 5.15 ], [ -76.7952, 5.1486 ], [ -76.7952, 5.1459 ], [ -76.797, 5.1397 ], [ -76.8012, 5.1369 ], [ -76.8013, 5.1255 ], [ -76.8034, 5.1229 ], [ -76.8075, 5.1219 ], [ -76.8099, 5.1181 ], [ -76.8139, 5.1053 ], [ -76.8104, 5.0977 ], [ -76.8102, 5.0925 ], [ -76.8006, 5.0917 ], [ -76.7975, 5.0863 ], [ -76.8045, 5.0822 ], [ -76.8101, 5.0739 ], [ -76.833, 5.0604 ], [ -76.8483, 5.0494 ], [ -76.8495, 5.047 ], [ -76.8538, 5.0452 ], [ -76.8662, 5.031 ], [ -76.8674, 5.0242 ], [ -76.8662, 5.0213 ], [ -76.8628, 5.0212 ], [ -76.8575, 5.0252 ], [ -76.8553, 5.0249 ], [ -76.8493, 5.022 ], [ -76.8469, 5.0137 ], [ -76.8728, 4.9913 ], [ -76.8744, 4.9864 ], [ -76.8723, 4.9722 ], [ -76.8743, 4.9654 ], [ -76.8767, 4.9633 ], [ -76.8759, 4.9579 ], [ -76.8796, 4.9473 ], [ -76.8822, 4.9442 ], [ -76.8855, 4.9437 ], [ -76.8953, 4.9495 ], [ -76.8978, 4.9489 ], [ -76.9004, 4.9452 ], [ -76.9044, 4.9458 ], [ -76.9059, 4.9486 ], [ -76.9027, 4.9553 ], [ -76.9035, 4.9566 ], [ -76.9018, 4.9579 ], [ -76.9023, 4.9599 ], [ -76.9225, 4.9645 ], [ -76.9252, 4.9616 ], [ -76.9247, 4.9592 ], [ -76.9267, 4.9582 ], [ -76.9267, 4.9553 ], [ -76.9378, 4.9492 ], [ -76.9372, 4.9433 ], [ -76.9393, 4.9403 ], [ -76.945, 4.9375 ], [ -76.9465, 4.935 ], [ -76.9525, 4.9351 ], [ -76.96, 4.9291 ], [ -76.9617, 4.9255 ], [ -76.9666, 4.9226 ], [ -76.9743, 4.9222 ], [ -76.9777, 4.9181 ], [ -76.9828, 4.9207 ], [ -76.9865, 4.9262 ], [ -76.9894, 4.9277 ], [ -77.0032, 4.9295 ], [ -77.0067, 4.9338 ], [ -77.0144, 4.9318 ], [ -77.0193, 4.9336 ], [ -77.0222, 4.9362 ], [ -77.0224, 4.9406 ], [ -77.0267, 4.9456 ], [ -77.0317, 4.9453 ], [ -77.04, 4.9411 ], [ -77.0493, 4.9486 ], [ -77.0534, 4.9437 ], [ -77.062, 4.9505 ], [ -77.0725, 4.9547 ], [ -77.0846, 4.9461 ], [ -77.0862, 4.9432 ], [ -77.0852, 4.9303 ], [ -77.0821, 4.9245 ], [ -77.082, 4.9202 ], [ -77.0893, 4.9173 ], [ -77.0993, 4.9091 ], [ -77.1036, 4.9095 ], [ -77.1162, 4.9222 ], [ -77.1182, 4.9216 ], [ -77.118, 4.9235 ], [ -77.1211, 4.9199 ], [ -77.1256, 4.9229 ], [ -77.1277, 4.9225 ], [ -77.1276, 4.9249 ], [ -77.1294, 4.9242 ], [ -77.1303, 4.926 ], [ -77.1325, 4.9246 ], [ -77.1353, 4.93 ], [ -77.1294, 4.9359 ], [ -77.1283, 4.9401 ], [ -77.1293, 4.9432 ], [ -77.1261, 4.944 ], [ -77.1254, 4.9457 ], [ -77.1292, 4.9459 ], [ -77.1281, 4.947 ], [ -77.1304, 4.9517 ], [ -77.1198, 4.9568 ], [ -77.1176, 4.9564 ], [ -77.115, 4.9611 ], [ -77.1094, 4.9621 ], [ -77.1098, 4.9657 ], [ -77.1063, 4.9672 ], [ -77.1058, 4.9694 ], [ -77.0971, 4.9758 ], [ -77.0933, 4.9732 ], [ -77.0883, 4.9752 ], [ -77.0898, 4.9774 ], [ -77.0865, 4.9787 ], [ -77.086, 4.981 ], [ -77.0814, 4.9822 ], [ -77.086, 4.9867 ], [ -77.0835, 4.9921 ], [ -77.0906, 4.9972 ], [ -77.0952, 4.9973 ], [ -77.1014, 5.0083 ], [ -77.1105, 5.0134 ], [ -77.1202, 5.0137 ], [ -77.1255, 5.0154 ], [ -77.139, 5.0329 ], [ -77.1489, 5.0352 ], [ -77.1527, 5.0327 ], [ -77.161, 5.0182 ], [ -77.1667, 5.0146 ], [ -77.1679, 5.0047 ], [ -77.1801, 5.0029 ], [ -77.2023, 5.0054 ], [ -77.218, 5.0016 ], [ -77.217, 4.9935 ], [ -77.2207, 4.9891 ], [ -77.2244, 4.9775 ], [ -77.2357, 4.9678 ], [ -77.2403, 4.9664 ], [ -77.2459, 4.9675 ], [ -77.2523, 4.9772 ], [ -77.2648, 4.9788 ], [ -77.2702, 4.9708 ], [ -77.2755, 4.968 ], [ -77.2791, 4.9699 ], [ -77.2828, 4.9795 ], [ -77.2821, 4.9827 ], [ -77.2837, 4.9842 ], [ -77.282, 4.9914 ], [ -77.2754, 4.9978 ], [ -77.271, 4.9986 ], [ -77.2693, 4.9954 ], [ -77.2628, 4.9984 ], [ -77.2611, 4.9967 ], [ -77.2467, 4.9954 ], [ -77.239, 4.9985 ], [ -77.229, 4.9995 ], [ -77.2315, 5.0053 ], [ -77.2405, 5.012 ], [ -77.2417, 5.0153 ], [ -77.2417, 5.025 ], [ -77.2306, 5.0329 ], [ -77.23, 5.037 ], [ -77.234, 5.0418 ], [ -77.2334, 5.053 ], [ -77.2366, 5.068 ], [ -77.2443, 5.0784 ], [ -77.246, 5.0835 ], [ -77.2444, 5.0909 ], [ -77.2332, 5.0997 ], [ -77.2319, 5.1062 ], [ -77.2356, 5.1086 ], [ -77.2361, 5.1117 ], [ -77.2295, 5.1071 ], [ -77.2266, 5.1069 ], [ -77.2226, 5.1093 ], [ -77.2208, 5.1084 ], [ -77.2204, 5.1049 ], [ -77.2264, 5.1014 ], [ -77.2213, 5.0983 ], [ -77.2135, 5.0992 ], [ -77.2102, 5.0962 ], [ -77.2057, 5.0995 ], [ -77.2034, 5.0959 ], [ -77.1987, 5.101 ], [ -77.1955, 5.0994 ], [ -77.1969, 5.1027 ], [ -77.1952, 5.1044 ], [ -77.1894, 5.0982 ], [ -77.1912, 5.1038 ], [ -77.1852, 5.1043 ], [ -77.184, 5.1059 ], [ -77.1818, 5.1124 ], [ -77.1826, 5.117 ], [ -77.1803, 5.1187 ], [ -77.182, 5.1232 ], [ -77.1784, 5.1244 ], [ -77.1763, 5.1313 ], [ -77.1786, 5.1439 ], [ -77.1781, 5.1473 ], [ -77.1754, 5.1489 ], [ -77.1775, 5.1502 ], [ -77.1763, 5.1553 ], [ -77.1743, 5.1588 ], [ -77.1688, 5.1628 ], [ -77.1672, 5.1608 ], [ -77.1696, 5.1602 ], [ -77.1689, 5.1572 ], [ -77.1617, 5.1608 ], [ -77.1601, 5.1603 ], [ -77.1569, 5.1646 ], [ -77.1551, 5.1643 ], [ -77.1545, 5.1679 ], [ -77.16, 5.1698 ], [ -77.1615, 5.1732 ], [ -77.1618, 5.1764 ], [ -77.1585, 5.1784 ], [ -77.1597, 5.1843 ], [ -77.1585, 5.1858 ], [ -77.1544, 5.185 ], [ -77.1526, 5.1875 ], [ -77.1407, 5.1933 ], [ -77.1399, 5.1984 ], [ -77.1372, 5.2007 ], [ -77.136, 5.2123 ], [ -77.132, 5.2167 ], [ -77.1275, 5.2118 ], [ -77.1297, 5.2043 ], [ -77.1278, 5.2009 ], [ -77.1244, 5.2037 ], [ -77.1171, 5.2049 ], [ -77.1129, 5.2162 ], [ -77.1072, 5.2203 ], [ -77.1026, 5.211 ], [ -77.1022, 5.2048 ], [ -77.0968, 5.1989 ], [ -77.0955, 5.1938 ], [ -77.0898, 5.1885 ], [ -77.0863, 5.1894 ], [ -77.0797, 5.1872 ], [ -77.0728, 5.1808 ], [ -77.0707, 5.1823 ], [ -77.0717, 5.1841 ], [ -77.0694, 5.1854 ], [ -77.0698, 5.1935 ], [ -77.0732, 5.1955 ], [ -77.0701, 5.1983 ], [ -77.0699, 5.2016 ], [ -77.0664, 5.2048 ], [ -77.0629, 5.2051 ], [ -77.0497, 5.2009 ], [ -77.0479, 5.2074 ], [ -77.0385, 5.2143 ], [ -77.0385, 5.231 ], [ -77.0363, 5.2335 ], [ -77.0285, 5.2406 ], [ -77.0223, 5.238 ], [ -77.0117, 5.2373 ], [ -77.0058, 5.247 ], [ -77.0058, 5.2684 ], [ -77.0083, 5.2733 ], [ -76.9988, 5.2754 ], [ -76.9893, 5.2754 ], [ -76.9851, 5.2774 ], [ -76.985, 5.2809 ], [ -76.9814, 5.2853 ], [ -76.9815, 5.2933 ], [ -76.9705, 5.2977 ], [ -76.9629, 5.2966 ], [ -76.9589, 5.2942 ], [ -76.9532, 5.2974 ], [ -76.9501, 5.2965 ], [ -76.9486, 5.292 ], [ -76.9452, 5.2951 ], [ -76.9389, 5.2943 ], [ -76.9322, 5.2872 ] ] ] ] } },
{ "type": "Feature", "properties": { "GID_2": "COL.13.20_2", "GID_0": "COL", "COUNTRY": "Colombia", "GID_1": "COL.13_2", "NAME_1": "Chocó", "NL_NAME_1": "NA", "NAME_2": "MedioSanJuan", "VARNAME_2": "NA", "NL_NAME_2": "NA", "TYPE_2": "Municipio", "ENGTYPE_2": "Municipality", "CC_2": "NA", "HASC_2": "CO.CH.MS", "ppt_mean": 6052.1265419884194, "rad_mean": 3.4143178966995325, "elev_mean": 56.401791627453029, "elev_max": 199.0, "pend_mean": 2.6694531729836384, "pot_kw_count": 3, "pot_kw_sum": 416792.58461999998, "pot_kw_mean": 138930.86154000001, "salto_m_count": 3, "salto_m_sum": 98.0, "salto_m_mean": 32.666667, "DIS_AV_CMS_count": 3, "DIS_AV_CMS_sum": 1541.25, "DIS_AV_CMS_mean": 513.75, "nombre": "Medio San Juan", "rios_pch": "Río San Juan; Río Cajón; Río Tamaná; Río Becordó; Río Sipí; Río Condoto; Río Opogodó", "n_rios": 7, "pch_mw": 416.8, "vocacion": "PCH" }, "geometry": { "type": "MultiPolygon", "coordinates": [ [ [ [ -76.6831, 5.1153 ], [ -76.688, 5.1053 ], [ -76.6918, 5.1029 ], [ -76.6873, 5.0925 ], [ -76.6966, 5.0799 ], [ -76.6981, 5.0732 ], [ -76.7007, 5.0725 ], [ -76.7049, 5.0746 ], [ -76.7034, 5.0712 ], [ -76.7045, 5.0694 ], [ -76.7105, 5.0693 ], [ -76.7127, 5.0678 ], [ -76.712, 5.0654 ], [ -76.7074, 5.0642 ], [ -76.707, 5.0626 ], [ -76.7103, 5.0546 ], [ -76.7169, 5.0481 ], [ -76.7173, 5.0322 ], [ -76.721, 5.0212 ], [ -76.7314, 5.0059 ], [ -76.7305, 4.992 ], [ -76.723, 4.9872 ], [ -76.7228, 4.9856 ], [ -76.7187, 4.9849 ], [ -76.717, 4.9812 ], [ -76.7197, 4.9753 ], [ -76.7185, 4.9727 ], [ -76.7199, 4.9697 ], [ -76.7178, 4.9645 ], [ -76.7185, 4.9584 ], [ -76.7195, 4.9566 ], [ -76.7226, 4.9559 ], [ -76.724, 4.9508 ], [ -76.7216, 4.9441 ], [ -76.7151, 4.9375 ], [ -76.7163, 4.9276 ], [ -76.71, 4.9114 ], [ -76.7118, 4.9049 ], [ -76.7174, 4.8998 ], [ -76.715, 4.8921 ], [ -76.716, 4.8871 ], [ -76.7231, 4.8817 ], [ -76.7257, 4.8723 ], [ -76.7323, 4.8674 ], [ -76.7394, 4.8485 ], [ -76.7452, 4.8482 ], [ -76.7499, 4.8523 ], [ -76.7638, 4.8551 ], [ -76.7721, 4.8514 ], [ -76.7859, 4.8509 ], [ -76.786, 4.8428 ], [ -76.7824, 4.8332 ], [ -76.7831, 4.8222 ], [ -76.7886, 4.8174 ], [ -76.7936, 4.817 ], [ -76.7926, 4.799 ], [ -76.8005, 4.7992 ], [ -76.8012, 4.7925 ], [ -76.805, 4.7935 ], [ -76.8071, 4.7961 ], [ -76.8117, 4.793 ], [ -76.8102, 4.7889 ], [ -76.8059, 4.7873 ], [ -76.8045, 4.7736 ], [ -76.8092, 4.7688 ], [ -76.8128, 4.7681 ], [ -76.8173, 4.7721 ], [ -76.8195, 4.7695 ], [ -76.8276, 4.7748 ], [ -76.8297, 4.7745 ], [ -76.8312, 4.7783 ], [ -76.8362, 4.7762 ], [ -76.8395, 4.7728 ], [ -76.8395, 4.7697 ], [ -76.8433, 4.7694 ], [ -76.8433, 4.7656 ], [ -76.8397, 4.7625 ], [ -76.8439, 4.7517 ], [ -76.8389, 4.7506 ], [ -76.8368, 4.7458 ], [ -76.8243, 4.7421 ], [ -76.8214, 4.7327 ], [ -76.8143, 4.7295 ], [ -76.8099, 4.7238 ], [ -76.8044, 4.7204 ], [ -76.8076, 4.7072 ], [ -76.8096, 4.7086 ], [ -76.8113, 4.7057 ], [ -76.8032, 4.6946 ], [ -76.7999, 4.6866 ], [ -76.8005, 4.6498 ], [ -76.7991, 4.6426 ], [ -76.7923, 4.626 ], [ -76.7888, 4.6242 ], [ -76.7778, 4.6286 ], [ -76.7716, 4.6267 ], [ -76.7677, 4.6251 ], [ -76.7606, 4.6149 ], [ -76.752, 4.6096 ], [ -76.742, 4.6062 ], [ -76.7276, 4.6048 ], [ -76.7201, 4.5997 ], [ -76.7148, 4.5932 ], [ -76.716, 4.5848 ], [ -76.7133, 4.5779 ], [ -76.7011, 4.5697 ], [ -76.6966, 4.559 ], [ -76.6906, 4.555 ], [ -76.6937, 4.5463 ], [ -76.6828, 4.5496 ], [ -76.6805, 4.5427 ], [ -76.6768, 4.5418 ], [ -76.6764, 4.5398 ], [ -76.6797, 4.5319 ], [ -76.6768, 4.5314 ], [ -76.6667, 4.5242 ], [ -76.6677, 4.5172 ], [ -76.6639, 4.514 ], [ -76.6634, 4.511 ], [ -76.6586, 4.5084 ], [ -76.6602, 4.5028 ], [ -76.6731, 4.5117 ], [ -76.6858, 4.5179 ], [ -76.6932, 4.5354 ], [ -76.6973, 4.5404 ], [ -76.7087, 4.5449 ], [ -76.7319, 4.559 ], [ -76.7579, 4.5584 ], [ -76.7629, 4.562 ], [ -76.7696, 4.5637 ], [ -76.771, 4.5656 ], [ -76.7713, 4.573 ], [ -76.7758, 4.5794 ], [ -76.778, 4.5864 ], [ -76.7823, 4.5887 ], [ -76.783, 4.5909 ], [ -76.7916, 4.5961 ], [ -76.7973, 4.5966 ], [ -76.8031, 4.6018 ], [ -76.8114, 4.6021 ], [ -76.8188, 4.6061 ], [ -76.8255, 4.6054 ], [ -76.8298, 4.6125 ], [ -76.8348, 4.6137 ], [ -76.8393, 4.6178 ], [ -76.8498, 4.6142 ], [ -76.8608, 4.6165 ], [ -76.8648, 4.6125 ], [ -76.8784, 4.6184 ], [ -76.8816, 4.6241 ], [ -76.8842, 4.6241 ], [ -76.8877, 4.6186 ], [ -76.8939, 4.6138 ], [ -76.896, 4.6052 ], [ -76.9058, 4.6037 ], [ -76.9097, 4.6109 ], [ -76.9216, 4.6073 ], [ -76.9235, 4.608 ], [ -76.9304, 4.6163 ], [ -76.9381, 4.6314 ], [ -76.9491, 4.6388 ], [ -76.9536, 4.6462 ], [ -76.9586, 4.6502 ], [ -76.9556, 4.661 ], [ -76.9589, 4.6653 ], [ -76.9718, 4.6717 ], [ -76.9792, 4.6708 ], [ -76.9704, 4.6789 ], [ -76.9659, 4.6899 ], [ -76.948, 4.6964 ], [ -76.9433, 4.7079 ], [ -76.9409, 4.707 ], [ -76.9395, 4.7039 ], [ -76.9371, 4.7058 ], [ -76.9273, 4.6989 ], [ -76.9158, 4.6946 ], [ -76.9101, 4.6994 ], [ -76.8985, 4.7047 ], [ -76.8973, 4.7131 ], [ -76.9004, 4.7157 ], [ -76.8995, 4.7183 ], [ -76.8949, 4.7195 ], [ -76.8899, 4.7176 ], [ -76.8834, 4.705 ], [ -76.8808, 4.7026 ], [ -76.8775, 4.7012 ], [ -76.8713, 4.7026 ], [ -76.8668, 4.7072 ], [ -76.8641, 4.7137 ], [ -76.868, 4.722 ], [ -76.8687, 4.7364 ], [ -76.8707, 4.7419 ], [ -76.8697, 4.7447 ], [ -76.8592, 4.7507 ], [ -76.8624, 4.7605 ], [ -76.8671, 4.7636 ], [ -76.8722, 4.7703 ], [ -76.8724, 4.7773 ], [ -76.8665, 4.7873 ], [ -76.8696, 4.7947 ], [ -76.8804, 4.8081 ], [ -76.8809, 4.8162 ], [ -76.8797, 4.8222 ], [ -76.8733, 4.8323 ], [ -76.8724, 4.8538 ], [ -76.8691, 4.8689 ], [ -76.8703, 4.8744 ], [ -76.8749, 4.8823 ], [ -76.8835, 4.888 ], [ -76.8849, 4.8911 ], [ -76.8818, 4.9004 ], [ -76.8752, 4.9091 ], [ -76.8745, 4.9232 ], [ -76.8666, 4.9266 ], [ -76.865, 4.9302 ], [ -76.8657, 4.9407 ], [ -76.8679, 4.9471 ], [ -76.8505, 4.9687 ], [ -76.827, 5.008 ], [ -76.8149, 5.0128 ], [ -76.8053, 5.0157 ], [ -76.7901, 5.0172 ], [ -76.7862, 5.0134 ], [ -76.7907, 4.9971 ], [ -76.7905, 4.9928 ], [ -76.7879, 4.9916 ], [ -76.7757, 4.9926 ], [ -76.7604, 4.9903 ], [ -76.7509, 4.992 ], [ -76.7443, 4.9952 ], [ -76.7366, 5.0064 ], [ -76.736, 5.0094 ], [ -76.7313, 5.0134 ], [ -76.7313, 5.0178 ], [ -76.7469, 5.0211 ], [ -76.7642, 5.0169 ], [ -76.7692, 5.0188 ], [ -76.7712, 5.0225 ], [ -76.7667, 5.0281 ], [ -76.7665, 5.0353 ], [ -76.7626, 5.0448 ], [ -76.7599, 5.0711 ], [ -76.7618, 5.0759 ], [ -76.7727, 5.0764 ], [ -76.775, 5.0834 ], [ -76.7508, 5.1078 ], [ -76.7288, 5.1215 ], [ -76.7079, 5.1266 ], [ -76.6923, 5.1216 ], [ -76.6878, 5.125 ], [ -76.682, 5.126 ], [ -76.6831, 5.1153 ] ] ] ] } },
{ "type": "Feature", "properties": { "GID_2": "COL.13.21_2", "GID_0": "COL", "COUNTRY": "Colombia", "GID_1": "COL.13_2", "NAME_1": "Chocó", "NL_NAME_1": "NA", "NAME_2": "Nóvita", "VARNAME_2": "NA", "NL_NAME_2": "NA", "TYPE_2": "Municipio", "ENGTYPE_2": "Municipality", "CC_2": "NA", "HASC_2": "CO.CH.NO", "ppt_mean": 4702.9266525826579, "rad_mean": 3.5743294879897181, "elev_mean": 653.44277302640342, "elev_max": 4071.0, "pend_mean": 13.010499796249039, "pot_kw_count": 18, "pot_kw_sum": 909102.96959899995, "pot_kw_mean": 50505.720533, "salto_m_count": 18, "salto_m_sum": 1000.0, "salto_m_mean": 55.555556, "DIS_AV_CMS_count": 18, "DIS_AV_CMS_sum": 2119.198, "DIS_AV_CMS_mean": 117.733222, "nombre": "Nóvita", "rios_pch": "Río Tamaná; Río Cajón; Río Irabubú; Río Taparal; Río Negro; Río Chopogoró; Río Cocotea; Río El Pital; Río Aná; Río Cañaveral", "n_rios": 13, "pch_mw": 909.1, "vocacion": "PCH" }, "geometry": { "type": "MultiPolygon", "coordinates": [ [ [ [ -76.723, 4.9872 ], [ -76.7231, 4.99 ], [ -76.7183, 4.9925 ], [ -76.7094, 4.9892 ], [ -76.6964, 4.9957 ], [ -76.6916, 4.9963 ], [ -76.6591, 4.9955 ], [ -76.6484, 5.0017 ], [ -76.6445, 5.0012 ], [ -76.6414, 4.9988 ], [ -76.6413, 4.9913 ], [ -76.6361, 4.9868 ], [ -76.6316, 4.9913 ], [ -76.6247, 4.9901 ], [ -76.6199, 4.9917 ], [ -76.6173, 4.994 ], [ -76.6162, 4.9991 ], [ -76.6122, 5.0052 ], [ -76.6089, 5.0052 ], [ -76.6069, 5.0028 ], [ -76.6054, 5.0062 ], [ -76.5985, 5.0023 ], [ -76.5955, 5.003 ], [ -76.5923, 5.0014 ], [ -76.5842, 5.0068 ], [ -76.5811, 5.0073 ], [ -76.5559, 5.0018 ], [ -76.5418, 5.0003 ], [ -76.5342, 4.9961 ], [ -76.4919, 4.9935 ], [ -76.4839, 4.999 ], [ -76.4686, 5.0185 ], [ -76.4583, 5.0218 ], [ -76.448, 5.0223 ], [ -76.4429, 5.0268 ], [ -76.4408, 5.033 ], [ -76.4335, 5.0382 ], [ -76.4227, 5.0552 ], [ -76.4224, 5.059 ], [ -76.425, 5.0641 ], [ -76.4242, 5.0665 ], [ -76.4167, 5.0726 ], [ -76.4051, 5.0764 ], [ -76.3644, 5.0795 ], [ -76.3433, 5.086 ], [ -76.2687, 5.0957 ], [ -76.2605, 5.0992 ], [ -76.245, 5.1104 ], [ -76.2321, 5.116 ], [ -76.2248, 5.1182 ], [ -76.2177, 5.1149 ], [ -76.2031, 5.1162 ], [ -76.1805, 5.1301 ], [ -76.1684, 5.1323 ], [ -76.144, 5.1294 ], [ -76.1299, 5.1227 ], [ -76.0995, 5.1226 ], [ -76.0912, 5.0991 ], [ -76.0801, 5.0863 ], [ -76.0737, 5.0739 ], [ -76.0723, 5.0629 ], [ -76.0733, 5.0459 ], [ -76.0599, 5.0299 ], [ -76.0596, 5.0164 ], [ -76.0609, 5.0147 ], [ -76.071, 5.0151 ], [ -76.0877, 5.0124 ], [ -76.1024, 5.0155 ], [ -76.1319, 5.0127 ], [ -76.1358, 5.0103 ], [ -76.1395, 4.9975 ], [ -76.1426, 4.9943 ], [ -76.1523, 4.9963 ], [ -76.1696, 4.9923 ], [ -76.178, 4.9936 ], [ -76.1848, 4.9911 ], [ -76.192, 4.9847 ], [ -76.207, 4.9788 ], [ -76.2147, 4.9696 ], [ -76.2438, 4.9656 ], [ -76.2565, 4.9559 ], [ -76.2731, 4.961 ], [ -76.2866, 4.9563 ], [ -76.2952, 4.9585 ], [ -76.3141, 4.9517 ], [ -76.326, 4.9508 ], [ -76.3398, 4.9527 ], [ -76.3454, 4.9547 ], [ -76.3503, 4.9588 ], [ -76.3572, 4.9699 ], [ -76.3803, 4.975 ], [ -76.3856, 4.9828 ], [ -76.3949, 4.9823 ], [ -76.4016, 4.9798 ], [ -76.4088, 4.9695 ], [ -76.4151, 4.9662 ], [ -76.4161, 4.9609 ], [ -76.4201, 4.9576 ], [ -76.4206, 4.9508 ], [ -76.4269, 4.9414 ], [ -76.4497, 4.9338 ], [ -76.4657, 4.9194 ], [ -76.482, 4.8994 ], [ -76.4949, 4.8674 ], [ -76.4974, 4.8551 ], [ -76.4982, 4.8289 ], [ -76.5019, 4.81 ], [ -76.4979, 4.7866 ], [ -76.5368, 4.7688 ], [ -76.5489, 4.7656 ], [ -76.5531, 4.7619 ], [ -76.5613, 4.7478 ], [ -76.5705, 4.7222 ], [ -76.5784, 4.7126 ], [ -76.5812, 4.7062 ], [ -76.5809, 4.6967 ], [ -76.5866, 4.685 ], [ -76.5776, 4.6786 ], [ -76.5805, 4.6699 ], [ -76.5858, 4.6659 ], [ -76.5988, 4.6688 ], [ -76.6091, 4.6646 ], [ -76.617, 4.6651 ], [ -76.6229, 4.661 ], [ -76.6323, 4.6577 ], [ -76.6374, 4.6594 ], [ -76.6443, 4.6674 ], [ -76.6478, 4.6773 ], [ -76.6551, 4.6819 ], [ -76.6619, 4.6905 ], [ -76.6721, 4.6978 ], [ -76.6766, 4.7043 ], [ -76.6819, 4.7063 ], [ -76.694, 4.7205 ], [ -76.7054, 4.7238 ], [ -76.7209, 4.7242 ], [ -76.7373, 4.7299 ], [ -76.751, 4.7411 ], [ -76.7575, 4.7537 ], [ -76.7615, 4.7573 ], [ -76.7892, 4.7589 ], [ -76.8072, 4.764 ], [ -76.8195, 4.7573 ], [ -76.8281, 4.7619 ], [ -76.8312, 4.7615 ], [ -76.8352, 4.7592 ], [ -76.8389, 4.7506 ], [ -76.8439, 4.7517 ], [ -76.8397, 4.7625 ], [ -76.8433, 4.7656 ], [ -76.8433, 4.7694 ], [ -76.8395, 4.7697 ], [ -76.8395, 4.7728 ], [ -76.8362, 4.7762 ], [ -76.8312, 4.7783 ], [ -76.8297, 4.7745 ], [ -76.8276, 4.7748 ], [ -76.8195, 4.7695 ], [ -76.8173, 4.7721 ], [ -76.8128, 4.7681 ], [ -76.8092, 4.7688 ], [ -76.8045, 4.7736 ], [ -76.8059, 4.7873 ], [ -76.8102, 4.7889 ], [ -76.8117, 4.793 ], [ -76.8071, 4.7961 ], [ -76.805, 4.7935 ], [ -76.8012, 4.7925 ], [ -76.8005, 4.7992 ], [ -76.7926, 4.799 ], [ -76.7936, 4.817 ], [ -76.7886, 4.8174 ], [ -76.7831, 4.8222 ], [ -76.7824, 4.8332 ], [ -76.786, 4.8428 ], [ -76.7859, 4.8509 ], [ -76.7721, 4.8514 ], [ -76.7638, 4.8551 ], [ -76.7499, 4.8523 ], [ -76.7452, 4.8482 ], [ -76.7394, 4.8485 ], [ -76.7323, 4.8674 ], [ -76.7257, 4.8723 ], [ -76.7231, 4.8817 ], [ -76.716, 4.8871 ], [ -76.715, 4.8921 ], [ -76.7174, 4.8998 ], [ -76.7118, 4.9049 ], [ -76.71, 4.9114 ], [ -76.7163, 4.9276 ], [ -76.7151, 4.9375 ], [ -76.7216, 4.9441 ], [ -76.7239, 4.9485 ], [ -76.7227, 4.9556 ], [ -76.7185, 4.9584 ], [ -76.7178, 4.9645 ], [ -76.7199, 4.9697 ], [ -76.7185, 4.9727 ], [ -76.7197, 4.9753 ], [ -76.717, 4.9802 ], [ -76.718, 4.9842 ], [ -76.7228, 4.9856 ], [ -76.723, 4.9872 ] ] ] ] } },
{ "type": "Feature", "properties": { "GID_2": "COL.13.22_2", "GID_0": "COL", "COUNTRY": "Colombia", "GID_1": "COL.13_2", "NAME_1": "Chocó", "NL_NAME_1": "NA", "NAME_2": "Nuquí", "VARNAME_2": "NA", "NL_NAME_2": "NA", "TYPE_2": "Municipio", "ENGTYPE_2": "Municipality", "CC_2": "NA", "HASC_2": "CO.CH.NU", "ppt_mean": 6661.3880677812249, "rad_mean": 3.4911733926656447, "elev_mean": 215.65311365349044, "elev_max": 831.0, "pend_mean": 10.187818898260236, "pot_kw_count": null, "pot_kw_sum": null, "pot_kw_mean": null, "salto_m_count": null, "salto_m_sum": null, "salto_m_mean": null, "DIS_AV_CMS_count": null, "DIS_AV_CMS_sum": null, "DIS_AV_CMS_mean": null, "nombre": "Nuquí", "rios_pch": "Río Nuquí; Río Chorí; Río Panguí; Río Joví; Río Arusicito; Río Jurubidá; Río Coquí; Río Tribugá; Río Arusí; Río San Pichi", "n_rios": 13, "pch_mw": 0.0, "vocacion": "PCH" }, "geometry": { "type": "MultiPolygon", "coordinates": [ [ [ [ -77.2765, 5.7121 ], [ -77.2763, 5.7104 ], [ -77.2776, 5.7079 ], [ -77.2776, 5.7124 ], [ -77.2765, 5.7121 ] ] ], [ [ [ -77.2935, 6.0012 ], [ -77.2857, 5.9966 ], [ -77.2858, 5.9897 ], [ -77.2826, 5.9854 ], [ -77.2843, 5.9827 ], [ -77.2896, 5.9814 ], [ -77.2891, 5.9764 ], [ -77.2928, 5.9692 ], [ -77.2922, 5.961 ], [ -77.294, 5.9537 ], [ -77.2855, 5.9297 ], [ -77.2884, 5.9263 ], [ -77.298, 5.9236 ], [ -77.2983, 5.9159 ], [ -77.3005, 5.9141 ], [ -77.3004, 5.9108 ], [ -77.3044, 5.9084 ], [ -77.3041, 5.8943 ], [ -77.2972, 5.8908 ], [ -77.2956, 5.8995 ], [ -77.2926, 5.9044 ], [ -77.287, 5.9045 ], [ -77.2827, 5.9026 ], [ -77.2788, 5.904 ], [ -77.2753, 5.9005 ], [ -77.268, 5.8975 ], [ -77.2644, 5.8895 ], [ -77.2601, 5.8912 ], [ -77.2569, 5.8956 ], [ -77.2562, 5.894 ], [ -77.2503, 5.8933 ], [ -77.2429, 5.8878 ], [ -77.2269, 5.8881 ], [ -77.2235, 5.8858 ], [ -77.2212, 5.8809 ], [ -77.2163, 5.8786 ], [ -77.2076, 5.8821 ], [ -77.2035, 5.8818 ], [ -77.2025, 5.8864 ], [ -77.1955, 5.8905 ], [ -77.1928, 5.8779 ], [ -77.1861, 5.8776 ], [ -77.1685, 5.8691 ], [ -77.1599, 5.8608 ], [ -77.1569, 5.8522 ], [ -77.1399, 5.8444 ], [ -77.1415, 5.8359 ], [ -77.1543, 5.8338 ], [ -77.1599, 5.8264 ], [ -77.1673, 5.8245 ], [ -77.1716, 5.8157 ], [ -77.1795, 5.8112 ], [ -77.1811, 5.8055 ], [ -77.1865, 5.7992 ], [ -77.187, 5.7961 ], [ -77.1836, 5.7906 ], [ -77.1855, 5.7783 ], [ -77.1828, 5.7727 ], [ -77.1815, 5.764 ], [ -77.1828, 5.7407 ], [ -77.1876, 5.7368 ], [ -77.2098, 5.7315 ], [ -77.2143, 5.729 ], [ -77.2187, 5.7216 ], [ -77.2201, 5.7098 ], [ -77.2223, 5.7054 ], [ -77.2219, 5.7006 ], [ -77.2128, 5.6935 ], [ -77.1875, 5.6957 ], [ -77.175, 5.6912 ], [ -77.1666, 5.6774 ], [ -77.1695, 5.6745 ], [ -77.1698, 5.6709 ], [ -77.1663, 5.6693 ], [ -77.1621, 5.6615 ], [ -77.1622, 5.6573 ], [ -77.1665, 5.653 ], [ -77.1682, 5.6485 ], [ -77.1772, 5.6444 ], [ -77.1817, 5.6484 ], [ -77.185, 5.6421 ], [ -77.1921, 5.6358 ], [ -77.1943, 5.6305 ], [ -77.1928, 5.622 ], [ -77.1866, 5.6155 ], [ -77.1944, 5.612 ], [ -77.2031, 5.6034 ], [ -77.2043, 5.595 ], [ -77.2086, 5.5833 ], [ -77.2076, 5.5735 ], [ -77.2008, 5.5668 ], [ -77.1997, 5.5637 ], [ -77.2059, 5.5559 ], [ -77.2038, 5.5504 ], [ -77.206, 5.5381 ], [ -77.2035, 5.5286 ], [ -77.2048, 5.5231 ], [ -77.2068, 5.5214 ], [ -77.213, 5.5234 ], [ -77.2204, 5.5228 ], [ -77.2324, 5.5246 ], [ -77.24, 5.518 ], [ -77.2433, 5.512 ], [ -77.2492, 5.5106 ], [ -77.2563, 5.5168 ], [ -77.2623, 5.518 ], [ -77.2686, 5.5221 ], [ -77.2698, 5.5154 ], [ -77.2663, 5.5054 ], [ -77.2741, 5.4961 ], [ -77.2907, 5.4857 ], [ -77.3064, 5.493 ], [ -77.3061, 5.5028 ], [ -77.31, 5.5014 ], [ -77.3107, 5.4973 ], [ -77.3153, 5.4963 ], [ -77.319, 5.4983 ], [ -77.3182, 5.5031 ], [ -77.3211, 5.5044 ], [ -77.3228, 5.508 ], [ -77.3215, 5.5514 ], [ -77.3251, 5.5562 ], [ -77.331, 5.5527 ], [ -77.3414, 5.5509 ], [ -77.3453, 5.5457 ], [ -77.3484, 5.5489 ], [ -77.3681, 5.5487 ], [ -77.3719, 5.5481 ], [ -77.3764, 5.5446 ], [ -77.3784, 5.5454 ], [ -77.3801, 5.5497 ], [ -77.3796, 5.5558 ], [ -77.3891, 5.565 ], [ -77.3923, 5.5592 ], [ -77.3912, 5.5493 ], [ -77.3942, 5.5511 ], [ -77.3972, 5.5503 ], [ -77.4018, 5.5453 ], [ -77.4061, 5.5439 ], [ -77.4089, 5.546 ], [ -77.4095, 5.5527 ], [ -77.4111, 5.5534 ], [ -77.4244, 5.5488 ], [ -77.4247, 5.5464 ], [ -77.4207, 5.5401 ], [ -77.4209, 5.5364 ], [ -77.4271, 5.5383 ], [ -77.4387, 5.5335 ], [ -77.449, 5.5313 ], [ -77.4507, 5.5301 ], [ -77.4526, 5.5192 ], [ -77.4575, 5.5169 ], [ -77.4666, 5.5155 ], [ -77.4706, 5.511 ], [ -77.4738, 5.5101 ], [ -77.4788, 5.5123 ], [ -77.4788, 5.5153 ], [ -77.481, 5.5172 ], [ -77.479, 5.5263 ], [ -77.4808, 5.5274 ], [ -77.4837, 5.5249 ], [ -77.4924, 5.5232 ], [ -77.4903, 5.4965 ], [ -77.4918, 5.4955 ], [ -77.4983, 5.4969 ], [ -77.5066, 5.4947 ], [ -77.5082, 5.4966 ], [ -77.5079, 5.5028 ], [ -77.5169, 5.5025 ], [ -77.523, 5.5052 ], [ -77.523, 5.5065 ], [ -77.5218, 5.5135 ], [ -77.5162, 5.5165 ], [ -77.5089, 5.5252 ], [ -77.5076, 5.5307 ], [ -77.5094, 5.543 ], [ -77.5074, 5.5459 ], [ -77.5052, 5.555 ], [ -77.5068, 5.5569 ], [ -77.5062, 5.5633 ], [ -77.5081, 5.5685 ], [ -77.5036, 5.5708 ], [ -77.5021, 5.5741 ], [ -77.5035, 5.5788 ], [ -77.5024, 5.5814 ], [ -77.5042, 5.5851 ], [ -77.5018, 5.5866 ], [ -77.4999, 5.5921 ], [ -77.4968, 5.5946 ], [ -77.4968, 5.6001 ], [ -77.4952, 5.6003 ], [ -77.4896, 5.6081 ], [ -77.4879, 5.609 ], [ -77.4879, 5.6068 ], [ -77.4846, 5.6052 ], [ -77.484, 5.6004 ], [ -77.4821, 5.5979 ], [ -77.4799, 5.5985 ], [ -77.4696, 5.5949 ], [ -77.4599, 5.5957 ], [ -77.4479, 5.6026 ], [ -77.4457, 5.6024 ], [ -77.4324, 5.6149 ], [ -77.429, 5.619 ], [ -77.429, 5.6221 ], [ -77.4249, 5.6224 ], [ -77.4221, 5.6257 ], [ -77.4174, 5.6254 ], [ -77.4149, 5.6299 ], [ -77.4121, 5.6279 ], [ -77.4045, 5.6301 ], [ -77.4043, 5.628 ], [ -77.4021, 5.6271 ], [ -77.3938, 5.6274 ], [ -77.3901, 5.629 ], [ -77.3846, 5.624 ], [ -77.3863, 5.6201 ], [ -77.3835, 5.6188 ], [ -77.3807, 5.6129 ], [ -77.3743, 5.6088 ], [ -77.3635, 5.6074 ], [ -77.3432, 5.6168 ], [ -77.3329, 5.6246 ], [ -77.3329, 5.6285 ], [ -77.3271, 5.6401 ], [ -77.3271, 5.6427 ], [ -77.3299, 5.6451 ], [ -77.3276, 5.6474 ], [ -77.3268, 5.6515 ], [ -77.3213, 5.6511 ], [ -77.3168, 5.6549 ], [ -77.316, 5.66 ], [ -77.3189, 5.6624 ], [ -77.3155, 5.6638 ], [ -77.3169, 5.6696 ], [ -77.314, 5.669 ], [ -77.3118, 5.6643 ], [ -77.3057, 5.6651 ], [ -77.3004, 5.6693 ], [ -77.2996, 5.6722 ], [ -77.2854, 5.6887 ], [ -77.2774, 5.7071 ], [ -77.2754, 5.7065 ], [ -77.276, 5.7021 ], [ -77.2718, 5.7035 ], [ -77.2715, 5.7049 ], [ -77.2735, 5.7043 ], [ -77.2726, 5.7076 ], [ -77.2682, 5.7099 ], [ -77.2621, 5.7179 ], [ -77.2574, 5.7326 ], [ -77.2554, 5.7338 ], [ -77.2546, 5.7551 ], [ -77.2576, 5.7704 ], [ -77.2576, 5.7785 ], [ -77.2551, 5.7829 ], [ -77.2513, 5.781 ], [ -77.2507, 5.7749 ], [ -77.2471, 5.7668 ], [ -77.2471, 5.7599 ], [ -77.2457, 5.7596 ], [ -77.2454, 5.7665 ], [ -77.2401, 5.7646 ], [ -77.2424, 5.7685 ], [ -77.2474, 5.7724 ], [ -77.2471, 5.7746 ], [ -77.2426, 5.7768 ], [ -77.2424, 5.7801 ], [ -77.2446, 5.7846 ], [ -77.2415, 5.7871 ], [ -77.2451, 5.7874 ], [ -77.2471, 5.7915 ], [ -77.2474, 5.7963 ], [ -77.2454, 5.7982 ], [ -77.2449, 5.8024 ], [ -77.2487, 5.8049 ], [ -77.249, 5.8096 ], [ -77.2504, 5.8063 ], [ -77.2468, 5.8004 ], [ -77.2507, 5.7954 ], [ -77.2515, 5.7899 ], [ -77.2532, 5.7896 ], [ -77.256, 5.7929 ], [ -77.264, 5.8138 ], [ -77.2674, 5.8182 ], [ -77.2699, 5.818 ], [ -77.2721, 5.8218 ], [ -77.2707, 5.8251 ], [ -77.276, 5.8254 ], [ -77.2757, 5.839 ], [ -77.2793, 5.8446 ], [ -77.2776, 5.8463 ], [ -77.2861, 5.8463 ], [ -77.2888, 5.8421 ], [ -77.2913, 5.8435 ], [ -77.2907, 5.857 ], [ -77.2953, 5.8581 ], [ -77.2935, 5.8614 ], [ -77.2946, 5.868 ], [ -77.2931, 5.8691 ], [ -77.2982, 5.8696 ], [ -77.2976, 5.871 ], [ -77.2908, 5.8716 ], [ -77.2909, 5.8748 ], [ -77.3001, 5.8766 ], [ -77.3024, 5.8763 ], [ -77.303, 5.8727 ], [ -77.3071, 5.874 ], [ -77.3065, 5.8765 ], [ -77.3035, 5.8788 ], [ -77.3033, 5.8898 ], [ -77.3074, 5.8957 ], [ -77.309, 5.9085 ], [ -77.3118, 5.91 ], [ -77.3071, 5.9135 ], [ -77.3071, 5.9193 ], [ -77.3099, 5.9218 ], [ -77.3107, 5.9278 ], [ -77.314, 5.9307 ], [ -77.3165, 5.9363 ], [ -77.3188, 5.9376 ], [ -77.321, 5.9362 ], [ -77.3232, 5.9414 ], [ -77.3193, 5.9429 ], [ -77.3204, 5.949 ], [ -77.3248, 5.954 ], [ -77.3235, 5.9568 ], [ -77.3274, 5.9685 ], [ -77.3299, 5.9704 ], [ -77.3299, 5.9774 ], [ -77.3344, 5.9881 ], [ -77.3244, 5.9877 ], [ -77.3165, 5.9948 ], [ -77.3135, 5.9905 ], [ -77.3076, 5.9882 ], [ -77.2992, 5.9975 ], [ -77.2935, 6.0012 ] ] ] ] } },
{ "type": "Feature", "properties": { "GID_2": "COL.13.23_2", "GID_0": "COL", "COUNTRY": "Colombia", "GID_1": "COL.13_2", "NAME_1": "Chocó", "NL_NAME_1": "NA", "NAME_2": "Quibdó", "VARNAME_2": "NA", "NL_NAME_2": "NA", "TYPE_2": "Municipio", "ENGTYPE_2": "Municipality", "CC_2": "NA", "HASC_2": "CO.CH.QU", "ppt_mean": 6093.8550056836502, "rad_mean": 3.615420929167203, "elev_mean": 398.26014948040506, "elev_max": 3115.0, "pend_mean": 10.418665377448821, "pot_kw_count": 34, "pot_kw_sum": 594885.50881699997, "pot_kw_mean": 17496.632612000001, "salto_m_count": 34, "salto_m_sum": 1637.0, "salto_m_mean": 48.147059, "DIS_AV_CMS_count": 34, "DIS_AV_CMS_sum": 1683.063, "DIS_AV_CMS_mean": 49.501853, "nombre": "Quibdó", "rios_pch": "Río Munguidó; Río Tagachí; Río Atrato; Río Suruco; Río Beté; Río San Pablo; Río Buey; Río Salado; Río Jitradó; Río Mojaudó", "n_rios": 21, "pch_mw": 594.9, "vocacion": "PCH" }, "geometry": { "type": "MultiPolygon", "coordinates": [ [ [ [ -76.3295, 6.1923 ], [ -76.2644, 6.2034 ], [ -76.2474, 6.2042 ], [ -76.2377, 6.2081 ], [ -76.2274, 6.1956 ], [ -76.2244, 6.1887 ], [ -76.2115, 6.1859 ], [ -76.2106, 6.1778 ], [ -76.2141, 6.1728 ], [ -76.2122, 6.1666 ], [ -76.2018, 6.1621 ], [ -76.2011, 6.1568 ], [ -76.2031, 6.145 ], [ -76.1998, 6.1405 ], [ -76.1865, 6.1373 ], [ -76.1955, 6.126 ], [ -76.1984, 6.1139 ], [ -76.1946, 6.1073 ], [ -76.1972, 6.0915 ], [ -76.1959, 6.0727 ], [ -76.1931, 6.0591 ], [ -76.1854, 6.0498 ], [ -76.1784, 6.0447 ], [ -76.1746, 6.0434 ], [ -76.1609, 6.0438 ], [ -76.1562, 6.0423 ], [ -76.1548, 6.0223 ], [ -76.165, 6.0107 ], [ -76.1988, 5.981 ], [ -76.2077, 5.9702 ], [ -76.2125, 5.9572 ], [ -76.2106, 5.9407 ], [ -76.2121, 5.9239 ], [ -76.2144, 5.9192 ], [ -76.2415, 5.8913 ], [ -76.2577, 5.8723 ], [ -76.2639, 5.8623 ], [ -76.2803, 5.8517 ], [ -76.3087, 5.8293 ], [ -76.3388, 5.7989 ], [ -76.3474, 5.7834 ], [ -76.3516, 5.7709 ], [ -76.3555, 5.7478 ], [ -76.3584, 5.7394 ], [ -76.363, 5.7329 ], [ -76.3742, 5.7261 ], [ -76.4055, 5.7205 ], [ -76.4311, 5.7081 ], [ -76.4424, 5.7005 ], [ -76.4467, 5.7005 ], [ -76.4563, 5.7043 ], [ -76.4646, 5.7033 ], [ -76.4894, 5.69 ], [ -76.5101, 5.6819 ], [ -76.5151, 5.6999 ], [ -76.5187, 5.7028 ], [ -76.5328, 5.689 ], [ -76.5405, 5.6731 ], [ -76.5496, 5.6612 ], [ -76.5561, 5.6611 ], [ -76.5591, 5.6648 ], [ -76.5613, 5.6644 ], [ -76.5612, 5.661 ], [ -76.5639, 5.661 ], [ -76.5626, 5.6577 ], [ -76.5693, 5.6574 ], [ -76.5713, 5.6551 ], [ -76.5696, 5.6522 ], [ -76.5725, 5.6532 ], [ -76.5744, 5.651 ], [ -76.5759, 5.6528 ], [ -76.5769, 5.6518 ], [ -76.5776, 5.6538 ], [ -76.5812, 5.6545 ], [ -76.5804, 5.653 ], [ -76.5845, 5.6496 ], [ -76.5874, 5.6499 ], [ -76.589, 5.653 ], [ -76.5915, 5.653 ], [ -76.5905, 5.6567 ], [ -76.5937, 5.6551 ], [ -76.5964, 5.6581 ], [ -76.5957, 5.6613 ], [ -76.5986, 5.6598 ], [ -76.6017, 5.6605 ], [ -76.6058, 5.6577 ], [ -76.6051, 5.6554 ], [ -76.609, 5.6442 ], [ -76.6176, 5.6467 ], [ -76.6194, 5.6438 ], [ -76.6224, 5.6458 ], [ -76.6221, 5.6427 ], [ -76.6239, 5.6446 ], [ -76.6238, 5.6409 ], [ -76.6262, 5.6389 ], [ -76.6259, 5.634 ], [ -76.628, 5.6295 ], [ -76.6338, 5.6293 ], [ -76.6367, 5.6308 ], [ -76.6418, 5.6257 ], [ -76.6535, 5.6196 ], [ -76.6576, 5.6217 ], [ -76.6529, 5.6247 ], [ -76.6525, 5.6287 ], [ -76.6616, 5.6388 ], [ -76.6651, 5.6476 ], [ -76.676, 5.6491 ], [ -76.6786, 5.6509 ], [ -76.6785, 5.657 ], [ -76.6661, 5.6786 ], [ -76.6643, 5.6856 ], [ -76.668, 5.6851 ], [ -76.676, 5.6878 ], [ -76.6858, 5.6871 ], [ -76.691, 5.6847 ], [ -76.6941, 5.6805 ], [ -76.6933, 5.6765 ], [ -76.6899, 5.6727 ], [ -76.6923, 5.6713 ], [ -76.6972, 5.673 ], [ -76.7053, 5.6811 ], [ -76.7143, 5.6842 ], [ -76.7337, 5.6799 ], [ -76.7373, 5.6839 ], [ -76.7405, 5.6849 ], [ -76.7557, 5.6837 ], [ -76.7659, 5.6886 ], [ -76.7776, 5.6866 ], [ -76.782, 5.6835 ], [ -76.8016, 5.6862 ], [ -76.807, 5.682 ], [ -76.8186, 5.6797 ], [ -76.8211, 5.6733 ], [ -76.8359, 5.6589 ], [ -76.8393, 5.6594 ], [ -76.85, 5.6729 ], [ -76.8586, 5.6741 ], [ -76.8647, 5.68 ], [ -76.8707, 5.6781 ], [ -76.8803, 5.6836 ], [ -76.8868, 5.6777 ], [ -76.893, 5.6816 ], [ -76.9025, 5.6779 ], [ -76.9161, 5.6655 ], [ -76.924, 5.6678 ], [ -76.9351, 5.6615 ], [ -76.946, 5.6675 ], [ -76.9499, 5.666 ], [ -76.9522, 5.6707 ], [ -76.9538, 5.6984 ], [ -76.9503, 5.7025 ], [ -76.9504, 5.7061 ], [ -76.9551, 5.708 ], [ -76.9621, 5.715 ], [ -76.9638, 5.7208 ], [ -76.9746, 5.7205 ], [ -76.981, 5.7273 ], [ -76.9865, 5.7284 ], [ -76.9904, 5.7321 ], [ -76.9941, 5.732 ], [ -76.9974, 5.7365 ], [ -76.9992, 5.7437 ], [ -77.006, 5.7498 ], [ -77.0068, 5.7591 ], [ -77.0046, 5.768 ], [ -77.0091, 5.7737 ], [ -77.0111, 5.7805 ], [ -77.0114, 5.8038 ], [ -77.0081, 5.8148 ], [ -77.0141, 5.8259 ], [ -77.0172, 5.8283 ], [ -77.0149, 5.8426 ], [ -77.018, 5.8494 ], [ -77.0172, 5.8553 ], [ -77.0205, 5.8568 ], [ -77.0246, 5.8668 ], [ -77.0261, 5.8835 ], [ -77.031, 5.8916 ], [ -77.0293, 5.9044 ], [ -77.0351, 5.9186 ], [ -77.0347, 5.9381 ], [ -77.0501, 5.9462 ], [ -77.0583, 5.9462 ], [ -77.0645, 5.9531 ], [ -77.0656, 5.9587 ], [ -77.0691, 5.9624 ], [ -77.074, 5.9616 ], [ -77.0792, 5.9638 ], [ -77.0834, 5.9548 ], [ -77.0861, 5.9553 ], [ -77.0873, 5.9539 ], [ -77.0905, 5.9551 ], [ -77.0901, 5.9656 ], [ -77.0982, 5.9715 ], [ -77.1007, 5.9759 ], [ -77.1026, 5.9885 ], [ -77.1018, 5.9929 ], [ -77.1078, 6.003 ], [ -77.1125, 6.0044 ], [ -77.1182, 6.0115 ], [ -77.1207, 6.0211 ], [ -77.1191, 6.0246 ], [ -77.1247, 6.0373 ], [ -77.123, 6.0409 ], [ -77.1186, 6.0443 ], [ -77.1178, 6.0486 ], [ -77.1226, 6.0561 ], [ -77.1346, 6.0636 ], [ -77.1187, 6.0812 ], [ -77.1062, 6.1 ], [ -77.103, 6.1164 ], [ -77.0981, 6.1284 ], [ -77.0904, 6.132 ], [ -77.0769, 6.1323 ], [ -77.0762, 6.1379 ], [ -77.0717, 6.1383 ], [ -77.058, 6.1569 ], [ -77.0545, 6.1764 ], [ -77.0556, 6.1871 ], [ -77.0518, 6.1906 ], [ -77.0533, 6.1935 ], [ -77.0523, 6.2057 ], [ -77.0533, 6.2151 ], [ -77.0554, 6.2189 ], [ -77.0678, 6.22 ], [ -77.0722, 6.2191 ], [ -77.0766, 6.2152 ], [ -77.0765, 6.224 ], [ -77.0716, 6.2378 ], [ -77.0665, 6.2414 ], [ -77.0645, 6.2449 ], [ -77.0641, 6.2503 ], [ -77.0592, 6.2615 ], [ -77.0511, 6.2712 ], [ -77.0438, 6.2741 ], [ -77.0449, 6.2818 ], [ -77.0407, 6.2844 ], [ -77.0407, 6.2894 ], [ -77.0378, 6.2931 ], [ -77.0305, 6.2955 ], [ -77.0243, 6.2938 ], [ -77.0224, 6.2908 ], [ -77.0184, 6.2915 ], [ -77.0148, 6.2868 ], [ -77.0047, 6.2821 ], [ -77.0035, 6.2775 ], [ -76.9907, 6.2638 ], [ -76.9869, 6.2618 ], [ -76.9752, 6.2605 ], [ -76.9695, 6.2508 ], [ -76.9672, 6.2494 ], [ -76.9594, 6.2506 ], [ -76.9557, 6.2462 ], [ -76.9533, 6.2376 ], [ -76.9494, 6.2345 ], [ -76.9421, 6.2366 ], [ -76.9386, 6.2362 ], [ -76.9367, 6.2387 ], [ -76.9324, 6.2365 ], [ -76.9288, 6.2387 ], [ -76.922, 6.2365 ], [ -76.902, 6.2392 ], [ -76.8995, 6.2364 ], [ -76.8968, 6.2363 ], [ -76.895, 6.2368 ], [ -76.8952, 6.2397 ], [ -76.891, 6.2429 ], [ -76.8918, 6.2466 ], [ -76.8811, 6.2523 ], [ -76.8763, 6.2573 ], [ -76.8752, 6.2608 ], [ -76.8726, 6.2617 ], [ -76.8721, 6.2647 ], [ -76.8675, 6.2653 ], [ -76.8653, 6.2701 ], [ -76.8616, 6.2709 ], [ -76.8548, 6.2773 ], [ -76.839, 6.2866 ], [ -76.8387, 6.2886 ], [ -76.8366, 6.2895 ], [ -76.8369, 6.2952 ], [ -76.8336, 6.299 ], [ -76.8334, 6.3018 ], [ -76.8361, 6.3095 ], [ -76.8325, 6.3143 ], [ -76.8358, 6.3203 ], [ -76.8297, 6.3254 ], [ -76.8298, 6.3331 ], [ -76.8229, 6.337 ], [ -76.824, 6.3405 ], [ -76.8169, 6.3446 ], [ -76.8149, 6.3405 ], [ -76.8104, 6.3409 ], [ -76.805, 6.3469 ], [ -76.7975, 6.3432 ], [ -76.7906, 6.3437 ], [ -76.791, 6.339 ], [ -76.7814, 6.3351 ], [ -76.7777, 6.3291 ], [ -76.7784, 6.3272 ], [ -76.786, 6.3273 ], [ -76.7904, 6.3219 ], [ -76.7886, 6.3169 ], [ -76.783, 6.3104 ], [ -76.785, 6.2954 ], [ -76.7821, 6.2891 ], [ -76.7739, 6.2852 ], [ -76.7582, 6.286 ], [ -76.752, 6.2825 ], [ -76.749, 6.2773 ], [ -76.7584, 6.2627 ], [ -76.7586, 6.2558 ], [ -76.7487, 6.2468 ], [ -76.7336, 6.237 ], [ -76.7267, 6.2381 ], [ -76.7243, 6.2369 ], [ -76.7278, 6.2252 ], [ -76.726, 6.2223 ], [ -76.7203, 6.2203 ], [ -76.7183, 6.2169 ], [ -76.7224, 6.2008 ], [ -76.7214, 6.1975 ], [ -76.7144, 6.1923 ], [ -76.7205, 6.181 ], [ -76.7192, 6.174 ], [ -76.7159, 6.1708 ], [ -76.7151, 6.1616 ], [ -76.7191, 6.1617 ], [ -76.7225, 6.1582 ], [ -76.7305, 6.1552 ], [ -76.7366, 6.1583 ], [ -76.7369, 6.155 ], [ -76.7412, 6.1535 ], [ -76.7423, 6.1492 ], [ -76.7486, 6.1447 ], [ -76.75, 6.138 ], [ -76.7529, 6.1332 ], [ -76.7641, 6.1329 ], [ -76.7654, 6.1303 ], [ -76.7741, 6.1241 ], [ -76.7819, 6.1228 ], [ -76.7879, 6.1199 ], [ -76.8028, 6.1205 ], [ -76.8099, 6.119 ], [ -76.8275, 6.1299 ], [ -76.8313, 6.1301 ], [ -76.8389, 6.1248 ], [ -76.8486, 6.1302 ], [ -76.8616, 6.1159 ], [ -76.8631, 6.1119 ], [ -76.8654, 6.1111 ], [ -76.8667, 6.1128 ], [ -76.869, 6.1119 ], [ -76.8708, 6.1142 ], [ -76.8801, 6.1138 ], [ -76.8816, 6.1176 ], [ -76.8908, 6.1187 ], [ -76.8926, 6.1173 ], [ -76.8938, 6.1212 ], [ -76.9011, 6.1305 ], [ -76.9148, 6.1333 ], [ -76.918, 6.1385 ], [ -76.9235, 6.1395 ], [ -76.9318, 6.1482 ], [ -76.9359, 6.1461 ], [ -76.9397, 6.1482 ], [ -76.9407, 6.1395 ], [ -76.9445, 6.1321 ], [ -76.9485, 6.1299 ], [ -76.9502, 6.12 ], [ -76.9538, 6.1167 ], [ -76.96, 6.116 ], [ -76.9593, 6.1145 ], [ -76.9541, 6.1141 ], [ -76.9544, 6.1121 ], [ -76.9561, 6.1131 ], [ -76.9575, 6.1117 ], [ -76.956, 6.1059 ], [ -76.9594, 6.1033 ], [ -76.9611, 6.1088 ], [ -76.9649, 6.1098 ], [ -76.9649, 6.1016 ], [ -76.9683, 6.1008 ], [ -76.9686, 6.097 ], [ -76.9704, 6.096 ], [ -76.9653, 6.0916 ], [ -76.9691, 6.0877 ], [ -76.9645, 6.0877 ], [ -76.9646, 6.0846 ], [ -76.9662, 6.0835 ], [ -76.9682, 6.0852 ], [ -76.9687, 6.0829 ], [ -76.9717, 6.0814 ], [ -76.9698, 6.0804 ], [ -76.9676, 6.0816 ], [ -76.9691, 6.0769 ], [ -76.9664, 6.0759 ], [ -76.9673, 6.0746 ], [ -76.9693, 6.0753 ], [ -76.9716, 6.0722 ], [ -76.9714, 6.0675 ], [ -76.9756, 6.0688 ], [ -76.9748, 6.0658 ], [ -76.9815, 6.0615 ], [ -76.9798, 6.0606 ], [ -76.98, 6.0582 ], [ -76.9832, 6.0564 ], [ -76.9808, 6.0533 ], [ -76.9787, 6.0543 ], [ -76.98, 6.0523 ], [ -76.9789, 6.0513 ], [ -76.9819, 6.0495 ], [ -76.9831, 6.0456 ], [ -76.9816, 6.0449 ], [ -76.9822, 6.0411 ], [ -76.9804, 6.0406 ], [ -76.9845, 6.0362 ], [ -76.9828, 6.0329 ], [ -76.9858, 6.0321 ], [ -76.9838, 6.0312 ], [ -76.9841, 6.0294 ], [ -76.9869, 6.0293 ], [ -76.9858, 6.0238 ], [ -76.9877, 6.0174 ], [ -76.9845, 6.017 ], [ -76.9732, 6.0403 ], [ -76.964, 6.0473 ], [ -76.961, 6.0428 ], [ -76.9562, 6.0424 ], [ -76.9515, 6.0389 ], [ -76.9452, 6.0407 ], [ -76.9376, 6.0383 ], [ -76.9337, 6.0393 ], [ -76.9281, 6.0379 ], [ -76.9298, 6.0343 ], [ -76.9397, 6.0297 ], [ -76.9424, 6.0239 ], [ -76.9419, 6.0214 ], [ -76.9399, 6.0198 ], [ -76.9353, 6.023 ], [ -76.9345, 6.0204 ], [ -76.9316, 6.0197 ], [ -76.9297, 6.0211 ], [ -76.9283, 6.0151 ], [ -76.9237, 6.0133 ], [ -76.9234, 6.0087 ], [ -76.9272, 6.0111 ], [ -76.9278, 6.009 ], [ -76.9259, 6.0039 ], [ -76.9237, 6.004 ], [ -76.9205, 5.9979 ], [ -76.9186, 5.9975 ], [ -76.9198, 5.9944 ], [ -76.9147, 5.9965 ], [ -76.9144, 6.0012 ], [ -76.9109, 5.9976 ], [ -76.9122, 5.9926 ], [ -76.9104, 5.9928 ], [ -76.9096, 5.996 ], [ -76.9075, 5.9958 ], [ -76.9066, 5.9986 ], [ -76.905, 5.9957 ], [ -76.9028, 5.9954 ], [ -76.9054, 5.9894 ], [ -76.904, 5.9855 ], [ -76.908, 5.9863 ], [ -76.9082, 5.984 ], [ -76.9049, 5.984 ], [ -76.9011, 5.9808 ], [ -76.9022, 5.9765 ], [ -76.9044, 5.9792 ], [ -76.907, 5.9782 ], [ -76.9084, 5.9796 ], [ -76.9086, 5.9765 ], [ -76.9105, 5.9767 ], [ -76.911, 5.9753 ], [ -76.9116, 5.9789 ], [ -76.9157, 5.9787 ], [ -76.9141, 5.9809 ], [ -76.9168, 5.9843 ], [ -76.9172, 5.9808 ], [ -76.9233, 5.9793 ], [ -76.9197, 5.9754 ], [ -76.9213, 5.9724 ], [ -76.9232, 5.9738 ], [ -76.9254, 5.9729 ], [ -76.9232, 5.9704 ], [ -76.9251, 5.9684 ], [ -76.9233, 5.9658 ], [ -76.9259, 5.9645 ], [ -76.9243, 5.9624 ], [ -76.9284, 5.9588 ], [ -76.9289, 5.9538 ], [ -76.9241, 5.947 ], [ -76.9315, 5.9385 ], [ -76.9259, 5.928 ], [ -76.9261, 5.8997 ], [ -76.9223, 5.8903 ], [ -76.9107, 5.8818 ], [ -76.9082, 5.8752 ], [ -76.8922, 5.8644 ], [ -76.8887, 5.857 ], [ -76.889, 5.8531 ], [ -76.8752, 5.8442 ], [ -76.8677, 5.8435 ], [ -76.8645, 5.8391 ], [ -76.8592, 5.8394 ], [ -76.8617, 5.8278 ], [ -76.8607, 5.8255 ], [ -76.841, 5.8119 ], [ -76.8373, 5.8127 ], [ -76.8289, 5.8189 ], [ -76.8213, 5.8179 ], [ -76.8151, 5.8217 ], [ -76.8043, 5.8223 ], [ -76.7943, 5.827 ], [ -76.7692, 5.8222 ], [ -76.7636, 5.8312 ], [ -76.7571, 5.8356 ], [ -76.7392, 5.84 ], [ -76.7344, 5.8395 ], [ -76.7265, 5.8352 ], [ -76.7234, 5.8361 ], [ -76.7204, 5.8449 ], [ -76.7139, 5.8527 ], [ -76.7105, 5.8635 ], [ -76.7063, 5.8673 ], [ -76.7159, 5.8778 ], [ -76.7132, 5.8802 ], [ -76.7114, 5.8797 ], [ -76.709, 5.8828 ], [ -76.6969, 5.8777 ], [ -76.6929, 5.8793 ], [ -76.6934, 5.8771 ], [ -76.6919, 5.8771 ], [ -76.6913, 5.8738 ], [ -76.6831, 5.8746 ], [ -76.6809, 5.8718 ], [ -76.6749, 5.8773 ], [ -76.6713, 5.8782 ], [ -76.6701, 5.8811 ], [ -76.6562, 5.8846 ], [ -76.6537, 5.8872 ], [ -76.6482, 5.8851 ], [ -76.647, 5.8873 ], [ -76.6435, 5.8882 ], [ -76.6419, 5.8858 ], [ -76.6391, 5.8863 ], [ -76.6318, 5.8935 ], [ -76.6307, 5.8973 ], [ -76.606, 5.9064 ], [ -76.591, 5.9091 ], [ -76.5854, 5.915 ], [ -76.585, 5.9213 ], [ -76.589, 5.9323 ], [ -76.5793, 5.9339 ], [ -76.5655, 5.94 ], [ -76.5529, 5.9506 ], [ -76.5459, 5.9538 ], [ -76.5376, 5.9617 ], [ -76.5292, 5.9658 ], [ -76.5281, 5.9707 ], [ -76.537, 5.9707 ], [ -76.5313, 5.9965 ], [ -76.5174, 5.9835 ], [ -76.5079, 5.9818 ], [ -76.4944, 5.9879 ], [ -76.477, 5.9904 ], [ -76.4661, 6.0049 ], [ -76.4603, 6.0162 ], [ -76.4584, 6.0371 ], [ -76.4547, 6.0475 ], [ -76.4561, 6.057 ], [ -76.4389, 6.072 ], [ -76.4273, 6.0784 ], [ -76.4147, 6.0946 ], [ -76.3994, 6.1025 ], [ -76.3937, 6.1108 ], [ -76.3801, 6.1205 ], [ -76.3595, 6.144 ], [ -76.343, 6.1494 ], [ -76.3442, 6.1542 ], [ -76.3432, 6.1584 ], [ -76.3295, 6.1923 ] ] ] ] } },
{ "type": "Feature", "properties": { "GID_2": "COL.13.24_2", "GID_0": "COL", "COUNTRY": "Colombia", "GID_1": "COL.13_2", "NAME_1": "Chocó", "NL_NAME_1": "NA", "NAME_2": "RíoIro", "VARNAME_2": "NA", "NL_NAME_2": "NA", "TYPE_2": "Municipio", "ENGTYPE_2": "Municipality", "CC_2": "NA", "HASC_2": "CO.CH.RR", "ppt_mean": 6689.6519474236138, "rad_mean": 3.6057177632534545, "elev_mean": 247.53051286915829, "elev_max": 1130.0, "pend_mean": 9.1086314830570494, "pot_kw_count": null, "pot_kw_sum": null, "pot_kw_mean": null, "salto_m_count": null, "salto_m_sum": null, "salto_m_mean": null, "DIS_AV_CMS_count": null, "DIS_AV_CMS_sum": null, "DIS_AV_CMS_mean": null, "nombre": "Río Iró", "rios_pch": "Río Mungarrá; Río Iró", "n_rios": 2, "pch_mw": 0.0, "vocacion": "PCH" }, "geometry": { "type": "MultiPolygon", "coordinates": [ [ [ [ -76.4694, 5.2294 ], [ -76.4341, 5.2327 ], [ -76.4288, 5.2319 ], [ -76.4249, 5.2297 ], [ -76.4162, 5.2142 ], [ -76.4038, 5.2098 ], [ -76.381, 5.1873 ], [ -76.3861, 5.1806 ], [ -76.3948, 5.1741 ], [ -76.4141, 5.1634 ], [ -76.4433, 5.1692 ], [ -76.4503, 5.1689 ], [ -76.473, 5.1624 ], [ -76.4839, 5.1629 ], [ -76.5084, 5.1803 ], [ -76.5195, 5.1761 ], [ -76.5258, 5.178 ], [ -76.5291, 5.1826 ], [ -76.5493, 5.1754 ], [ -76.5504, 5.1703 ], [ -76.5537, 5.1667 ], [ -76.5658, 5.1661 ], [ -76.5733, 5.1633 ], [ -76.6321, 5.1313 ], [ -76.654, 5.1276 ], [ -76.6688, 5.1234 ], [ -76.6806, 5.1152 ], [ -76.6831, 5.1153 ], [ -76.682, 5.1261 ], [ -76.6771, 5.1303 ], [ -76.6668, 5.135 ], [ -76.6624, 5.1424 ], [ -76.6512, 5.1388 ], [ -76.6227, 5.1623 ], [ -76.5361, 5.1982 ], [ -76.5271, 5.1997 ], [ -76.5254, 5.2042 ], [ -76.5266, 5.2082 ], [ -76.5239, 5.2132 ], [ -76.5335, 5.2159 ], [ -76.5297, 5.2185 ], [ -76.4964, 5.2264 ], [ -76.4868, 5.2191 ], [ -76.4773, 5.2189 ], [ -76.4751, 5.2231 ], [ -76.4699, 5.2265 ], [ -76.4694, 5.2294 ] ] ] ] } },
{ "type": "Feature", "properties": { "GID_2": "COL.13.25_2", "GID_0": "COL", "COUNTRY": "Colombia", "GID_1": "COL.13_2", "NAME_1": "Chocó", "NL_NAME_1": "NA", "NAME_2": "RíoQuito", "VARNAME_2": "NA", "NL_NAME_2": "NA", "TYPE_2": "Municipio", "ENGTYPE_2": "Municipality", "CC_2": "NA", "HASC_2": "CO.CH.RQ", "ppt_mean": 7704.6269119402368, "rad_mean": 3.3694498926059895, "elev_mean": 104.85320602480667, "elev_max": 453.0, "pend_mean": 4.9327706847737494, "pot_kw_count": 4, "pot_kw_sum": 39808.032354000003, "pot_kw_mean": 9952.008089000001, "salto_m_count": 4, "salto_m_sum": 138.0, "salto_m_mean": 34.5, "DIS_AV_CMS_count": 4, "DIS_AV_CMS_sum": 137.634, "DIS_AV_CMS_mean": 34.4085, "nombre": "Río Quito", "rios_pch": "Río Pató; Río Quito; Río Atrato", "n_rios": 3, "pch_mw": 39.8, "vocacion": "PCH" }, "geometry": { "type": "MultiPolygon", "coordinates": [ [ [ [ -76.8759, 5.5143 ], [ -76.8746, 5.5172 ], [ -76.8761, 5.5344 ], [ -76.8804, 5.5487 ], [ -76.8865, 5.5571 ], [ -76.8925, 5.5602 ], [ -76.8975, 5.5606 ], [ -76.9067, 5.5531 ], [ -76.909, 5.5451 ], [ -76.914, 5.5408 ], [ -76.9113, 5.5361 ], [ -76.9152, 5.5305 ], [ -76.9188, 5.5056 ], [ -76.92, 5.5027 ], [ -76.9252, 5.5001 ], [ -76.9249, 5.494 ], [ -76.9269, 5.493 ], [ -76.9341, 5.4712 ], [ -76.9398, 5.459 ], [ -76.9435, 5.4588 ], [ -76.9467, 5.452 ], [ -76.9484, 5.4565 ], [ -76.9489, 5.4716 ], [ -76.9534, 5.4761 ], [ -76.9602, 5.4788 ], [ -76.9606, 5.486 ], [ -76.97, 5.4918 ], [ -76.9677, 5.5139 ], [ -76.9658, 5.5808 ], [ -76.9612, 5.5979 ], [ -76.9563, 5.6016 ], [ -76.9592, 5.6191 ], [ -76.958, 5.629 ], [ -76.9553, 5.6348 ], [ -76.9571, 5.6393 ], [ -76.9573, 5.6465 ], [ -76.9548, 5.6592 ], [ -76.9498, 5.6644 ], [ -76.9499, 5.6666 ], [ -76.946, 5.6675 ], [ -76.9351, 5.6615 ], [ -76.924, 5.6678 ], [ -76.9161, 5.6655 ], [ -76.9025, 5.6779 ], [ -76.893, 5.6816 ], [ -76.8868, 5.6777 ], [ -76.8803, 5.6836 ], [ -76.8707, 5.6781 ], [ -76.8647, 5.68 ], [ -76.8586, 5.6741 ], [ -76.85, 5.6729 ], [ -76.8393, 5.6594 ], [ -76.8359, 5.6589 ], [ -76.8211, 5.6733 ], [ -76.8186, 5.6797 ], [ -76.808, 5.6816 ], [ -76.8016, 5.6862 ], [ -76.7987, 5.6867 ], [ -76.782, 5.6835 ], [ -76.7776, 5.6866 ], [ -76.7659, 5.6886 ], [ -76.7557, 5.6837 ], [ -76.7405, 5.6849 ], [ -76.7373, 5.6839 ], [ -76.7337, 5.6799 ], [ -76.7143, 5.6842 ], [ -76.7053, 5.6811 ], [ -76.6972, 5.673 ], [ -76.6923, 5.6713 ], [ -76.6899, 5.6727 ], [ -76.6933, 5.6765 ], [ -76.6941, 5.6805 ], [ -76.6892, 5.6859 ], [ -76.6793, 5.688 ], [ -76.668, 5.6851 ], [ -76.6643, 5.6856 ], [ -76.6661, 5.6786 ], [ -76.6785, 5.657 ], [ -76.6786, 5.6509 ], [ -76.6804, 5.6502 ], [ -76.6826, 5.645 ], [ -76.686, 5.6451 ], [ -76.6858, 5.6419 ], [ -76.6833, 5.6387 ], [ -76.6848, 5.6346 ], [ -76.6827, 5.6287 ], [ -76.6861, 5.6265 ], [ -76.6898, 5.6192 ], [ -76.6926, 5.6171 ], [ -76.6952, 5.6176 ], [ -76.6979, 5.6142 ], [ -76.7025, 5.6002 ], [ -76.7049, 5.5836 ], [ -76.7081, 5.5833 ], [ -76.7092, 5.5802 ], [ -76.7085, 5.5766 ], [ -76.7057, 5.578 ], [ -76.7025, 5.5692 ], [ -76.7078, 5.5636 ], [ -76.7064, 5.5602 ], [ -76.7024, 5.5569 ], [ -76.7032, 5.555 ], [ -76.7078, 5.5539 ], [ -76.7024, 5.5516 ], [ -76.7043, 5.5445 ], [ -76.6949, 5.541 ], [ -76.6956, 5.5314 ], [ -76.687, 5.5301 ], [ -76.6821, 5.5271 ], [ -76.6913, 5.5274 ], [ -76.6992, 5.5246 ], [ -76.7056, 5.5252 ], [ -76.6972, 5.5094 ], [ -76.6925, 5.4956 ], [ -76.6925, 5.4866 ], [ -76.6951, 5.4832 ], [ -76.6957, 5.4797 ], [ -76.6942, 5.478 ], [ -76.6961, 5.4749 ], [ -76.6939, 5.4741 ], [ -76.6902, 5.4655 ], [ -76.6951, 5.4441 ], [ -76.6908, 5.4436 ], [ -76.6859, 5.4405 ], [ -76.6847, 5.4326 ], [ -76.7074, 5.427 ], [ -76.7189, 5.4209 ], [ -76.7211, 5.4214 ], [ -76.7233, 5.4244 ], [ -76.7324, 5.4162 ], [ -76.7417, 5.4141 ], [ -76.7466, 5.4162 ], [ -76.7576, 5.425 ], [ -76.7798, 5.4359 ], [ -76.7851, 5.4352 ], [ -76.7916, 5.4311 ], [ -76.7973, 5.4313 ], [ -76.8053, 5.4354 ], [ -76.8105, 5.4353 ], [ -76.8144, 5.4485 ], [ -76.8123, 5.4565 ], [ -76.8148, 5.4592 ], [ -76.8158, 5.4639 ], [ -76.8294, 5.476 ], [ -76.8321, 5.4729 ], [ -76.8393, 5.4725 ], [ -76.8461, 5.4756 ], [ -76.8487, 5.4808 ], [ -76.8525, 5.4818 ], [ -76.8533, 5.4862 ], [ -76.857, 5.4891 ], [ -76.8558, 5.4969 ], [ -76.8645, 5.5076 ], [ -76.8714, 5.5096 ], [ -76.8759, 5.5143 ] ] ] ] } },
{ "type": "Feature", "properties": { "GID_2": "COL.13.26_2", "GID_0": "COL", "COUNTRY": "Colombia", "GID_1": "COL.13_2", "NAME_1": "Chocó", "NL_NAME_1": "NA", "NAME_2": "Riosucio", "VARNAME_2": "NA", "NL_NAME_2": "NA", "TYPE_2": "Municipio", "ENGTYPE_2": "Municipality", "CC_2": "NA", "HASC_2": "CO.CL.RI", "ppt_mean": 3565.722012505641, "rad_mean": 4.2668557823829341, "elev_mean": 171.3736816010707, "elev_max": 1464.0, "pend_mean": 5.2784926898127136, "pot_kw_count": 16, "pot_kw_sum": 383093.89604600001, "pot_kw_mean": 23943.368503000002, "salto_m_count": 16, "salto_m_sum": 668.0, "salto_m_mean": 41.75, "DIS_AV_CMS_count": 16, "DIS_AV_CMS_sum": 1067.539, "DIS_AV_CMS_mean": 66.721188, "nombre": "Riosucio", "rios_pch": "Río Salaquí; Río Atrato; Río Truandó; Río Quiparadó; Río Pavarondó; Río Cacarica; Río Nercua; Río Arenal; Río Tamboral; Río Tecuarrá", "n_rios": 41, "pch_mw": 383.1, "vocacion": "PCH + Solar" }, "geometry": { "type": "MultiPolygon", "coordinates": [ [ [ [ -77.0728, 7.8487 ], [ -77.0783, 7.8475 ], [ -77.0811, 7.8447 ], [ -77.0896, 7.8288 ], [ -77.0955, 7.824 ], [ -77.1, 7.8233 ], [ -77.1176, 7.8324 ], [ -77.1227, 7.8336 ], [ -77.1266, 7.8301 ], [ -77.1273, 7.8236 ], [ -77.1233, 7.8093 ], [ -77.1233, 7.7939 ], [ -77.1214, 7.7888 ], [ -77.1147, 7.7845 ], [ -77.1119, 7.7806 ], [ -77.1155, 7.7765 ], [ -77.1289, 7.7792 ], [ -77.1341, 7.7779 ], [ -77.1346, 7.7678 ], [ -77.132, 7.7581 ], [ -77.1211, 7.7529 ], [ -77.1008, 7.7487 ], [ -77.0796, 7.7458 ], [ -77.0717, 7.7468 ], [ -77.0647, 7.7421 ], [ -77.06, 7.7359 ], [ -77.0551, 7.7199 ], [ -77.0461, 7.6996 ], [ -77.0259, 7.6883 ], [ -77.0093, 7.6753 ], [ -76.9995, 7.656 ], [ -76.9934, 7.6537 ], [ -76.9933, 7.6488 ], [ -76.9987, 7.6387 ], [ -77.0004, 7.6307 ], [ -77.0013, 7.615 ], [ -76.999, 7.6097 ], [ -76.9928, 7.6035 ], [ -76.9829, 7.6023 ], [ -76.9711, 7.6048 ], [ -76.951, 7.6133 ], [ -76.9819, 7.5793 ], [ -76.9982, 7.5793 ], [ -77.0431, 7.575 ], [ -77.0613, 7.5586 ], [ -77.0735, 7.5464 ], [ -77.0631, 7.5037 ], [ -77.0099, 7.4531 ], [ -77.0037, 7.4327 ], [ -76.9812, 7.4186 ], [ -76.9648, 7.3983 ], [ -76.9035, 7.3518 ], [ -76.8932, 7.3295 ], [ -76.8955, 7.3048 ], [ -76.9529, 7.3095 ], [ -77.0026, 7.2976 ], [ -77.0034, 7.2943 ], [ -76.9942, 7.278 ], [ -76.9903, 7.2653 ], [ -76.9927, 7.2571 ], [ -77.0056, 7.2534 ], [ -77.0417, 7.2637 ], [ -77.0712, 7.2607 ], [ -77.0919, 7.2274 ], [ -77.0985, 7.2065 ], [ -77.106, 7.1818 ], [ -77.1068, 7.1467 ], [ -77.1391, 7.1389 ], [ -77.1523, 7.117 ], [ -77.1816, 7.1017 ], [ -77.1842, 7.1023 ], [ -77.1983, 7.0935 ], [ -77.2269, 7.0995 ], [ -77.2612, 7.0888 ], [ -77.2677, 7.0699 ], [ -77.2672, 7.0615 ], [ -77.2632, 7.0549 ], [ -77.2609, 7.0457 ], [ -77.264, 7.04 ], [ -77.2763, 7.0399 ], [ -77.282, 7.0342 ], [ -77.2912, 7.0196 ], [ -77.3127, 7.0103 ], [ -77.3363, 6.9909 ], [ -77.3399, 6.9908 ], [ -77.36, 6.9784 ], [ -77.3771, 6.9603 ], [ -77.3876, 6.9563 ], [ -77.4034, 6.954 ], [ -77.4127, 6.9562 ], [ -77.4206, 6.9531 ], [ -77.4219, 6.9421 ], [ -77.4249, 6.9377 ], [ -77.4205, 6.9302 ], [ -77.4121, 6.9219 ], [ -77.408, 6.903 ], [ -77.413, 6.8468 ], [ -77.4063, 6.8226 ], [ -77.3918, 6.8192 ], [ -77.3768, 6.8122 ], [ -77.3714, 6.8063 ], [ -77.3739, 6.8066 ], [ -77.3745, 6.8081 ], [ -77.3757, 6.806 ], [ -77.3764, 6.8073 ], [ -77.3804, 6.8057 ], [ -77.3803, 6.8077 ], [ -77.3881, 6.813 ], [ -77.3896, 6.8155 ], [ -77.3971, 6.8185 ], [ -77.3997, 6.8173 ], [ -77.4, 6.8146 ], [ -77.4044, 6.8133 ], [ -77.4048, 6.8118 ], [ -77.4083, 6.8136 ], [ -77.4108, 6.8131 ], [ -77.4104, 6.8112 ], [ -77.4123, 6.8106 ], [ -77.4177, 6.8122 ], [ -77.4184, 6.8144 ], [ -77.4214, 6.8142 ], [ -77.4223, 6.8125 ], [ -77.4268, 6.8167 ], [ -77.4339, 6.8125 ], [ -77.4374, 6.8141 ], [ -77.4373, 6.8167 ], [ -77.439, 6.8181 ], [ -77.4455, 6.8191 ], [ -77.4478, 6.8215 ], [ -77.4577, 6.8189 ], [ -77.4602, 6.815 ], [ -77.4634, 6.802 ], [ -77.4771, 6.7815 ], [ -77.4787, 6.7686 ], [ -77.4848, 6.764 ], [ -77.4818, 6.7565 ], [ -77.4825, 6.7527 ], [ -77.4893, 6.7518 ], [ -77.4953, 6.7477 ], [ -77.5008, 6.7483 ], [ -77.5117, 6.7432 ], [ -77.5184, 6.7366 ], [ -77.5194, 6.7315 ], [ -77.5246, 6.73 ], [ -77.5302, 6.7252 ], [ -77.5339, 6.7243 ], [ -77.5357, 6.7266 ], [ -77.5361, 6.7339 ], [ -77.5348, 6.7618 ], [ -77.5403, 6.7715 ], [ -77.5292, 6.7799 ], [ -77.5246, 6.8008 ], [ -77.527, 6.8061 ], [ -77.5392, 6.817 ], [ -77.5411, 6.8229 ], [ -77.5399, 6.832 ], [ -77.5357, 6.8379 ], [ -77.533, 6.846 ], [ -77.5414, 6.8544 ], [ -77.5414, 6.8665 ], [ -77.5488, 6.8738 ], [ -77.5559, 6.8732 ], [ -77.5627, 6.8875 ], [ -77.5669, 6.8915 ], [ -77.5732, 6.9138 ], [ -77.5764, 6.9161 ], [ -77.5872, 6.9188 ], [ -77.5883, 6.9213 ], [ -77.587, 6.9299 ], [ -77.5826, 6.9341 ], [ -77.582, 6.9385 ], [ -77.566, 6.9601 ], [ -77.5584, 6.9808 ], [ -77.5568, 6.991 ], [ -77.563, 6.9962 ], [ -77.5675, 7.0092 ], [ -77.5817, 7.0264 ], [ -77.5816, 7.0287 ], [ -77.5718, 7.0401 ], [ -77.5756, 7.0496 ], [ -77.5755, 7.0682 ], [ -77.5808, 7.0748 ], [ -77.595, 7.0843 ], [ -77.596, 7.0873 ], [ -77.5926, 7.1005 ], [ -77.5961, 7.1139 ], [ -77.5944, 7.1257 ], [ -77.5954, 7.1297 ], [ -77.5921, 7.1379 ], [ -77.5963, 7.1411 ], [ -77.5993, 7.1477 ], [ -77.5969, 7.1502 ], [ -77.5946, 7.1499 ], [ -77.5927, 7.1541 ], [ -77.5862, 7.1559 ], [ -77.5797, 7.1711 ], [ -77.5832, 7.1767 ], [ -77.5861, 7.1779 ], [ -77.5859, 7.1827 ], [ -77.5891, 7.1909 ], [ -77.5932, 7.1942 ], [ -77.5966, 7.2022 ], [ -77.6022, 7.2045 ], [ -77.6085, 7.2025 ], [ -77.6165, 7.2027 ], [ -77.6298, 7.2115 ], [ -77.6433, 7.2146 ], [ -77.6494, 7.2187 ], [ -77.6635, 7.2191 ], [ -77.6691, 7.2342 ], [ -77.6754, 7.2413 ], [ -77.6782, 7.2558 ], [ -77.6763, 7.2686 ], [ -77.6688, 7.2804 ], [ -77.6689, 7.2882 ], [ -77.6718, 7.2909 ], [ -77.6817, 7.295 ], [ -77.6888, 7.3023 ], [ -77.6979, 7.306 ], [ -77.7051, 7.3282 ], [ -77.7142, 7.3391 ], [ -77.7242, 7.3643 ], [ -77.7286, 7.3711 ], [ -77.7313, 7.381 ], [ -77.7266, 7.395 ], [ -77.7236, 7.4122 ], [ -77.7174, 7.4211 ], [ -77.7165, 7.433 ], [ -77.7148, 7.4353 ], [ -77.7097, 7.4374 ], [ -77.7041, 7.4442 ], [ -77.6955, 7.4604 ], [ -77.6967, 7.464 ], [ -77.7022, 7.4701 ], [ -77.7003, 7.4851 ], [ -77.7028, 7.491 ], [ -77.7011, 7.4955 ], [ -77.7048, 7.498 ], [ -77.6975, 7.5053 ], [ -77.6999, 7.5163 ], [ -77.7078, 7.5322 ], [ -77.7302, 7.5656 ], [ -77.735, 7.5762 ], [ -77.7344, 7.5834 ], [ -77.731, 7.5881 ], [ -77.7334, 7.5957 ], [ -77.7315, 7.5998 ], [ -77.7377, 7.6048 ], [ -77.7404, 7.6178 ], [ -77.7373, 7.6433 ], [ -77.7344, 7.6521 ], [ -77.729, 7.66 ], [ -77.7221, 7.664 ], [ -77.7081, 7.6664 ], [ -77.6916, 7.6658 ], [ -77.6822, 7.6647 ], [ -77.6742, 7.6613 ], [ -77.6596, 7.6458 ], [ -77.6475, 7.6444 ], [ -77.6411, 7.624 ], [ -77.6407, 7.6098 ], [ -77.6329, 7.5884 ], [ -77.6226, 7.5717 ], [ -77.6225, 7.5597 ], [ -77.6187, 7.5476 ], [ -77.6131, 7.5454 ], [ -77.6045, 7.5385 ], [ -77.5967, 7.5232 ], [ -77.5853, 7.5187 ], [ -77.5823, 7.5131 ], [ -77.561, 7.5083 ], [ -77.5456, 7.5207 ], [ -77.5384, 7.5331 ], [ -77.5274, 7.5446 ], [ -77.5233, 7.5555 ], [ -77.523, 7.5589 ], [ -77.5256, 7.5637 ], [ -77.5247, 7.5687 ], [ -77.5192, 7.58 ], [ -77.5071, 7.593 ], [ -77.4913, 7.5996 ], [ -77.488, 7.6061 ], [ -77.4776, 7.6132 ], [ -77.4708, 7.6201 ], [ -77.4466, 7.6508 ], [ -77.4358, 7.6548 ], [ -77.436, 7.66 ], [ -77.4319, 7.6655 ], [ -77.4262, 7.6676 ], [ -77.4223, 7.6671 ], [ -77.4188, 7.6692 ], [ -77.416, 7.6786 ], [ -77.3927, 7.7042 ], [ -77.3745, 7.7155 ], [ -77.3661, 7.726 ], [ -77.3604, 7.737 ], [ -77.3532, 7.7397 ], [ -77.3493, 7.745 ], [ -77.3417, 7.75 ], [ -77.3217, 7.7463 ], [ -77.3176, 7.7473 ], [ -77.3161, 7.7538 ], [ -77.3201, 7.7701 ], [ -77.3274, 7.7848 ], [ -77.3338, 7.7938 ], [ -77.3242, 7.8255 ], [ -77.3213, 7.8592 ], [ -77.3179, 7.865 ], [ -77.3126, 7.8694 ], [ -77.3013, 7.8774 ], [ -77.2914, 7.8817 ], [ -77.2819, 7.891 ], [ -77.2746, 7.8954 ], [ -77.271, 7.9044 ], [ -77.2655, 7.9104 ], [ -77.2521, 7.9164 ], [ -77.2266, 7.9184 ], [ -77.2182, 7.9138 ], [ -77.2091, 7.9143 ], [ -77.2027, 7.9272 ], [ -77.1868, 7.9236 ], [ -77.1747, 7.9333 ], [ -77.1671, 7.9358 ], [ -77.1666, 7.9418 ], [ -77.1639, 7.9479 ], [ -77.1632, 7.9461 ], [ -77.1562, 7.9447 ], [ -77.1555, 7.9426 ], [ -77.149, 7.9405 ], [ -77.1439, 7.9415 ], [ -77.1372, 7.9373 ], [ -77.1351, 7.9376 ], [ -77.1332, 7.9352 ], [ -77.1335, 7.9328 ], [ -77.1299, 7.9311 ], [ -77.1288, 7.9265 ], [ -77.1252, 7.9234 ], [ -77.1185, 7.9218 ], [ -77.1141, 7.9179 ], [ -77.1127, 7.9214 ], [ -77.1109, 7.9212 ], [ -77.1094, 7.9268 ], [ -77.096, 7.9216 ], [ -77.0932, 7.9175 ], [ -77.0903, 7.9163 ], [ -77.0885, 7.9077 ], [ -77.0779, 7.8962 ], [ -77.0896, 7.8756 ], [ -77.0728, 7.8487 ] ] ] ] } },
{ "type": "Feature", "properties": { "GID_2": "COL.13.27_2", "GID_0": "COL", "COUNTRY": "Colombia", "GID_1": "COL.13_2", "NAME_1": "Chocó", "NL_NAME_1": "NA", "NAME_2": "SanJosédelPalmar", "VARNAME_2": "SanJoseDelPal", "NL_NAME_2": "NA", "TYPE_2": "Municipio", "ENGTYPE_2": "Municipality", "CC_2": "NA", "HASC_2": "CO.CH.SJ", "ppt_mean": 3008.6166919567704, "rad_mean": 3.7060364398643113, "elev_mean": 1105.3033588344006, "elev_max": 3424.0, "pend_mean": 23.764431285463733, "pot_kw_count": 18, "pot_kw_sum": 399441.11670900002, "pot_kw_mean": 22191.173151, "salto_m_count": 18, "salto_m_sum": 1265.0, "salto_m_mean": 70.277778, "DIS_AV_CMS_count": 18, "DIS_AV_CMS_sum": 689.556, "DIS_AV_CMS_mean": 38.308667, "nombre": "San José del Palmar", "rios_pch": "Río Ingará; Río Suramá; Río Suramita; Río Blanco; Río Corcorvado; Río Hábita; Río Torito; Río Surama; Río Cruces; Río Brasil", "n_rios": 12, "pch_mw": 399.4, "vocacion": "PCH" }, "geometry": { "type": "MultiPolygon", "coordinates": [ [ [ [ -76.4979, 4.7866 ], [ -76.5019, 4.81 ], [ -76.4982, 4.8289 ], [ -76.4974, 4.8551 ], [ -76.4949, 4.8674 ], [ -76.482, 4.8994 ], [ -76.4657, 4.9194 ], [ -76.4497, 4.9338 ], [ -76.4269, 4.9414 ], [ -76.4206, 4.9508 ], [ -76.4201, 4.9576 ], [ -76.4161, 4.9609 ], [ -76.4151, 4.9662 ], [ -76.4088, 4.9695 ], [ -76.4016, 4.9798 ], [ -76.3949, 4.9823 ], [ -76.3856, 4.9828 ], [ -76.3803, 4.975 ], [ -76.3572, 4.9699 ], [ -76.3503, 4.9588 ], [ -76.3454, 4.9547 ], [ -76.3398, 4.9527 ], [ -76.326, 4.9508 ], [ -76.3141, 4.9517 ], [ -76.2952, 4.9585 ], [ -76.2866, 4.9563 ], [ -76.2731, 4.961 ], [ -76.2565, 4.9559 ], [ -76.2438, 4.9656 ], [ -76.2147, 4.9696 ], [ -76.207, 4.9788 ], [ -76.192, 4.9847 ], [ -76.1848, 4.9911 ], [ -76.178, 4.9936 ], [ -76.1696, 4.9923 ], [ -76.1523, 4.9963 ], [ -76.1426, 4.9943 ], [ -76.1395, 4.9975 ], [ -76.136, 5.01 ], [ -76.1322, 5.0126 ], [ -76.1019, 5.0155 ], [ -76.0877, 5.0124 ], [ -76.0964, 5.0053 ], [ -76.0986, 4.9982 ], [ -76.0911, 4.9829 ], [ -76.0895, 4.9682 ], [ -76.0912, 4.9483 ], [ -76.0888, 4.9465 ], [ -76.0949, 4.9414 ], [ -76.0935, 4.9378 ], [ -76.0959, 4.9355 ], [ -76.0948, 4.9309 ], [ -76.0991, 4.919 ], [ -76.1018, 4.9159 ], [ -76.1124, 4.9149 ], [ -76.1208, 4.9118 ], [ -76.1273, 4.9136 ], [ -76.1306, 4.9105 ], [ -76.1293, 4.906 ], [ -76.1189, 4.8973 ], [ -76.115, 4.8959 ], [ -76.114, 4.891 ], [ -76.1172, 4.8861 ], [ -76.1167, 4.8812 ], [ -76.1205, 4.8768 ], [ -76.126, 4.8749 ], [ -76.1308, 4.8625 ], [ -76.1306, 4.8559 ], [ -76.1352, 4.8524 ], [ -76.1371, 4.8419 ], [ -76.1473, 4.8386 ], [ -76.1524, 4.8339 ], [ -76.1553, 4.8337 ], [ -76.1641, 4.8358 ], [ -76.1751, 4.8349 ], [ -76.1829, 4.8374 ], [ -76.1986, 4.8348 ], [ -76.2046, 4.8363 ], [ -76.211, 4.8412 ], [ -76.2278, 4.8269 ], [ -76.2331, 4.812 ], [ -76.2448, 4.7988 ], [ -76.2677, 4.8111 ], [ -76.2778, 4.8107 ], [ -76.2887, 4.8066 ], [ -76.3413, 4.8047 ], [ -76.3596, 4.7967 ], [ -76.3875, 4.7766 ], [ -76.3949, 4.775 ], [ -76.3998, 4.7751 ], [ -76.4014, 4.777 ], [ -76.4115, 4.7787 ], [ -76.4287, 4.7847 ], [ -76.4468, 4.7824 ], [ -76.4519, 4.7873 ], [ -76.481, 4.7886 ], [ -76.4979, 4.7866 ] ] ] ] } },
{ "type": "Feature", "properties": { "GID_2": "COL.13.28_2", "GID_0": "COL", "COUNTRY": "Colombia", "GID_1": "COL.13_2", "NAME_1": "Chocó", "NL_NAME_1": "NA", "NAME_2": "Sipí", "VARNAME_2": "NA", "NL_NAME_2": "NA", "TYPE_2": "Municipio", "ENGTYPE_2": "Municipality", "CC_2": "NA", "HASC_2": "CO.CH.SI", "ppt_mean": 3291.6965047299068, "rad_mean": 3.4974242273666771, "elev_mean": 654.73118193578739, "elev_max": 2833.0, "pend_mean": 16.772972199808105, "pot_kw_count": 24, "pot_kw_sum": 812078.42665499996, "pot_kw_mean": 33836.601111000004, "salto_m_count": 24, "salto_m_sum": 1225.0, "salto_m_mean": 51.041667, "DIS_AV_CMS_count": 24, "DIS_AV_CMS_sum": 2031.274, "DIS_AV_CMS_mean": 84.636417, "nombre": "Sipí", "rios_pch": "Río Garrapatas; Río Sipí; Río Grande; Río Taparó; Río Surama; Río Brasil; Río San Quininí; Río Lindo; Río Azul; Río San Quinini", "n_rios": 12, "pch_mw": 812.1, "vocacion": "PCH" }, "geometry": { "type": "MultiPolygon", "coordinates": [ [ [ [ -76.5465, 4.333 ], [ -76.5649, 4.3368 ], [ -76.5844, 4.3362 ], [ -76.5951, 4.3379 ], [ -76.6131, 4.3359 ], [ -76.6167, 4.3421 ], [ -76.6196, 4.3441 ], [ -76.6222, 4.3517 ], [ -76.6287, 4.3606 ], [ -76.6302, 4.3726 ], [ -76.6387, 4.3827 ], [ -76.6405, 4.3913 ], [ -76.6452, 4.3904 ], [ -76.6471, 4.3922 ], [ -76.6465, 4.4032 ], [ -76.6538, 4.4083 ], [ -76.6564, 4.4205 ], [ -76.6607, 4.425 ], [ -76.6599, 4.429 ], [ -76.664, 4.4312 ], [ -76.6662, 4.4362 ], [ -76.6671, 4.4455 ], [ -76.6815, 4.4554 ], [ -76.6785, 4.464 ], [ -76.6791, 4.467 ], [ -76.6744, 4.4726 ], [ -76.6664, 4.4764 ], [ -76.6672, 4.4845 ], [ -76.6624, 4.4855 ], [ -76.6614, 4.488 ], [ -76.6542, 4.4922 ], [ -76.6559, 4.4983 ], [ -76.66, 4.5023 ], [ -76.6588, 4.5089 ], [ -76.6634, 4.511 ], [ -76.6639, 4.514 ], [ -76.6679, 4.5177 ], [ -76.6667, 4.5242 ], [ -76.6768, 4.5314 ], [ -76.6797, 4.5319 ], [ -76.6764, 4.5403 ], [ -76.6773, 4.542 ], [ -76.6805, 4.5427 ], [ -76.6828, 4.5496 ], [ -76.6937, 4.5463 ], [ -76.6906, 4.555 ], [ -76.6966, 4.559 ], [ -76.7011, 4.5697 ], [ -76.7133, 4.5779 ], [ -76.716, 4.5848 ], [ -76.7148, 4.5932 ], [ -76.7242, 4.6032 ], [ -76.7276, 4.6048 ], [ -76.7442, 4.6067 ], [ -76.752, 4.6096 ], [ -76.7606, 4.6149 ], [ -76.7677, 4.6251 ], [ -76.7716, 4.6267 ], [ -76.7778, 4.6286 ], [ -76.7888, 4.6242 ], [ -76.7923, 4.626 ], [ -76.7991, 4.6426 ], [ -76.8005, 4.6498 ], [ -76.7999, 4.6866 ], [ -76.8032, 4.6946 ], [ -76.8113, 4.7057 ], [ -76.8096, 4.7086 ], [ -76.8076, 4.7072 ], [ -76.8044, 4.7204 ], [ -76.8099, 4.7238 ], [ -76.8143, 4.7295 ], [ -76.8214, 4.7327 ], [ -76.8243, 4.7421 ], [ -76.8368, 4.7458 ], [ -76.8389, 4.7506 ], [ -76.836, 4.758 ], [ -76.8286, 4.7619 ], [ -76.8185, 4.7575 ], [ -76.8072, 4.764 ], [ -76.7892, 4.7589 ], [ -76.7615, 4.7573 ], [ -76.7575, 4.7537 ], [ -76.751, 4.7411 ], [ -76.7373, 4.7299 ], [ -76.7209, 4.7242 ], [ -76.7054, 4.7238 ], [ -76.694, 4.7205 ], [ -76.6819, 4.7063 ], [ -76.6766, 4.7043 ], [ -76.6721, 4.6978 ], [ -76.6619, 4.6905 ], [ -76.6551, 4.6819 ], [ -76.6478, 4.6773 ], [ -76.6443, 4.6674 ], [ -76.6374, 4.6594 ], [ -76.6323, 4.6577 ], [ -76.6229, 4.661 ], [ -76.617, 4.6651 ], [ -76.6091, 4.6646 ], [ -76.6, 4.6687 ], [ -76.5858, 4.6659 ], [ -76.5825, 4.6671 ], [ -76.5774, 4.6775 ], [ -76.5787, 4.68 ], [ -76.5866, 4.685 ], [ -76.5809, 4.6967 ], [ -76.5812, 4.7062 ], [ -76.5784, 4.7126 ], [ -76.5705, 4.7222 ], [ -76.5613, 4.7478 ], [ -76.5531, 4.7619 ], [ -76.5489, 4.7656 ], [ -76.5368, 4.7688 ], [ -76.4979, 4.7866 ], [ -76.481, 4.7886 ], [ -76.458, 4.788 ], [ -76.4519, 4.7873 ], [ -76.4448, 4.7821 ], [ -76.4287, 4.7847 ], [ -76.396, 4.7749 ], [ -76.3875, 4.7766 ], [ -76.3596, 4.7967 ], [ -76.3413, 4.8047 ], [ -76.2887, 4.8066 ], [ -76.2778, 4.8107 ], [ -76.2677, 4.8111 ], [ -76.2448, 4.7988 ], [ -76.2658, 4.7853 ], [ -76.2757, 4.7712 ], [ -76.2797, 4.7688 ], [ -76.2856, 4.768 ], [ -76.2925, 4.7605 ], [ -76.3002, 4.7575 ], [ -76.3078, 4.7511 ], [ -76.3058, 4.741 ], [ -76.2986, 4.7347 ], [ -76.2955, 4.7293 ], [ -76.2917, 4.73 ], [ -76.2896, 4.7195 ], [ -76.2853, 4.7122 ], [ -76.2888, 4.7031 ], [ -76.2956, 4.7012 ], [ -76.2975, 4.6992 ], [ -76.2975, 4.6833 ], [ -76.3014, 4.6778 ], [ -76.2999, 4.6738 ], [ -76.3037, 4.6654 ], [ -76.3001, 4.6535 ], [ -76.3113, 4.6334 ], [ -76.3112, 4.631 ], [ -76.3133, 4.6298 ], [ -76.3204, 4.6184 ], [ -76.3188, 4.6107 ], [ -76.3207, 4.6049 ], [ -76.3277, 4.6022 ], [ -76.3336, 4.5864 ], [ -76.3383, 4.5828 ], [ -76.3439, 4.5818 ], [ -76.345, 4.5733 ], [ -76.3413, 4.5678 ], [ -76.3423, 4.5647 ], [ -76.3469, 4.561 ], [ -76.3601, 4.5571 ], [ -76.3705, 4.5484 ], [ -76.3728, 4.5332 ], [ -76.3735, 4.4973 ], [ -76.3761, 4.4944 ], [ -76.3749, 4.4896 ], [ -76.3791, 4.4845 ], [ -76.3793, 4.4742 ], [ -76.382, 4.4682 ], [ -76.3876, 4.4639 ], [ -76.3925, 4.4668 ], [ -76.3949, 4.4662 ], [ -76.4059, 4.4495 ], [ -76.423, 4.4317 ], [ -76.4423, 4.4257 ], [ -76.4497, 4.4219 ], [ -76.4753, 4.4165 ], [ -76.4798, 4.4144 ], [ -76.4813, 4.4112 ], [ -76.494, 4.4105 ], [ -76.5106, 4.4 ], [ -76.516, 4.4033 ], [ -76.5222, 4.4047 ], [ -76.5362, 4.4007 ], [ -76.5425, 4.3895 ], [ -76.5477, 4.3623 ], [ -76.5465, 4.333 ] ] ] ] } },
{ "type": "Feature", "properties": { "GID_2": "COL.13.29_2", "GID_0": "COL", "COUNTRY": "Colombia", "GID_1": "COL.13_2", "NAME_1": "Chocó", "NL_NAME_1": "NA", "NAME_2": "Tadó", "VARNAME_2": "NA", "NL_NAME_2": "NA", "TYPE_2": "Municipio", "ENGTYPE_2": "Municipality", "CC_2": "NA", "HASC_2": "CO.CH.TA", "ppt_mean": 6337.390775523405, "rad_mean": 3.6861509556911702, "elev_mean": 242.9607965766952, "elev_max": 986.0, "pend_mean": 8.9088541172756237, "pot_kw_count": 8, "pot_kw_sum": 195273.786398, "pot_kw_mean": 24409.2233, "salto_m_count": 8, "salto_m_sum": 251.0, "salto_m_mean": 31.375, "DIS_AV_CMS_count": 8, "DIS_AV_CMS_sum": 770.349, "DIS_AV_CMS_mean": 96.293625, "nombre": "Tadó", "rios_pch": "Río San Juan; Río Chato; Río San Juan Bravo; Río Tadocito; Río Tarena Llorandó; Río Mungarrá; Río Mondo; Río Grubatá; Río Gingarabá; Río Lloraudó", "n_rios": 11, "pch_mw": 195.3, "vocacion": "PCH" }, "geometry": { "type": "MultiPolygon", "coordinates": [ [ [ [ -76.4687, 5.3991 ], [ -76.4564, 5.3904 ], [ -76.453, 5.3826 ], [ -76.4504, 5.3808 ], [ -76.444, 5.3802 ], [ -76.4346, 5.3744 ], [ -76.4214, 5.3709 ], [ -76.4033, 5.3609 ], [ -76.3539, 5.3586 ], [ -76.3309, 5.3556 ], [ -76.3114, 5.3561 ], [ -76.2804, 5.3531 ], [ -76.2528, 5.3588 ], [ -76.238, 5.3645 ], [ -76.2029, 5.3686 ], [ -76.2037, 5.3475 ], [ -76.2133, 5.3182 ], [ -76.2393, 5.2898 ], [ -76.2494, 5.2762 ], [ -76.251, 5.2725 ], [ -76.2504, 5.2657 ], [ -76.2678, 5.2674 ], [ -76.291, 5.2591 ], [ -76.3235, 5.2522 ], [ -76.3359, 5.2514 ], [ -76.3467, 5.254 ], [ -76.3755, 5.2675 ], [ -76.4009, 5.2762 ], [ -76.4082, 5.2758 ], [ -76.4269, 5.2626 ], [ -76.4465, 5.2404 ], [ -76.4688, 5.2299 ], [ -76.4699, 5.2265 ], [ -76.4751, 5.2231 ], [ -76.4773, 5.2189 ], [ -76.4868, 5.2191 ], [ -76.4964, 5.2264 ], [ -76.5297, 5.2185 ], [ -76.5335, 5.2159 ], [ -76.5358, 5.2176 ], [ -76.5348, 5.2212 ], [ -76.5359, 5.2233 ], [ -76.5336, 5.229 ], [ -76.534, 5.2341 ], [ -76.5312, 5.2377 ], [ -76.5358, 5.2397 ], [ -76.5409, 5.2376 ], [ -76.5448, 5.2316 ], [ -76.5526, 5.226 ], [ -76.5515, 5.2239 ], [ -76.5533, 5.222 ], [ -76.555, 5.2237 ], [ -76.5596, 5.219 ], [ -76.5613, 5.2201 ], [ -76.5626, 5.2181 ], [ -76.5663, 5.2202 ], [ -76.5683, 5.216 ], [ -76.5717, 5.2144 ], [ -76.5722, 5.211 ], [ -76.5748, 5.2111 ], [ -76.5752, 5.2081 ], [ -76.5771, 5.2086 ], [ -76.5815, 5.2041 ], [ -76.5847, 5.205 ], [ -76.5863, 5.2029 ], [ -76.5874, 5.2036 ], [ -76.5915, 5.1993 ], [ -76.5926, 5.2008 ], [ -76.5956, 5.1951 ], [ -76.6001, 5.1955 ], [ -76.6048, 5.1921 ], [ -76.6059, 5.197 ], [ -76.6097, 5.1968 ], [ -76.6147, 5.1908 ], [ -76.6229, 5.186 ], [ -76.6241, 5.1866 ], [ -76.6333, 5.2048 ], [ -76.6388, 5.2084 ], [ -76.626, 5.2166 ], [ -76.6123, 5.207 ], [ -76.6011, 5.2223 ], [ -76.6027, 5.2322 ], [ -76.5989, 5.2429 ], [ -76.611, 5.2466 ], [ -76.6143, 5.256 ], [ -76.6103, 5.2621 ], [ -76.6015, 5.2689 ], [ -76.5929, 5.2812 ], [ -76.593, 5.2892 ], [ -76.5772, 5.2907 ], [ -76.5584, 5.2955 ], [ -76.5449, 5.3012 ], [ -76.5006, 5.3382 ], [ -76.4837, 5.365 ], [ -76.4687, 5.3991 ] ] ] ] } },
{ "type": "Feature", "properties": { "GID_2": "COL.13.30_2", "GID_0": "COL", "COUNTRY": "Colombia", "GID_1": "COL.13_2", "NAME_1": "Chocó", "NL_NAME_1": "NA", "NAME_2": "Unguía", "VARNAME_2": "NA", "NL_NAME_2": "NA", "TYPE_2": "Municipio", "ENGTYPE_2": "Municipality", "CC_2": "NA", "HASC_2": "CO.CH.UN", "ppt_mean": 2914.6919739076443, "rad_mean": 4.5361261139847082, "elev_mean": 200.69714646832921, "elev_max": 1542.0, "pend_mean": 7.0507437834959141, "pot_kw_count": null, "pot_kw_sum": null, "pot_kw_mean": null, "salto_m_count": null, "salto_m_sum": null, "salto_m_mean": null, "DIS_AV_CMS_count": null, "DIS_AV_CMS_sum": null, "DIS_AV_CMS_mean": null, "nombre": "Unguía", "rios_pch": "Río Tanela; Río Atrato; Río Cuti; Río Cuqué; Río Unguía; Rìo Natí; Río Arquía; Río Tigre; Río Cutiviejo; Río Tanelita", "n_rios": 14, "pch_mw": 0.0, "vocacion": "PCH + Solar" }, "geometry": { "type": "MultiPolygon", "coordinates": [ [ [ [ -76.9792, 8.2508 ], [ -76.979, 8.2303 ], [ -76.9674, 8.1946 ], [ -76.9659, 8.1908 ], [ -76.9547, 8.1798 ], [ -76.9504, 8.1714 ], [ -76.9544, 8.1449 ], [ -76.9543, 8.1186 ], [ -76.9505, 8.0983 ], [ -76.9459, 8.096 ], [ -76.9426, 8.0915 ], [ -76.9381, 8.0661 ], [ -76.9403, 8.0598 ], [ -76.9492, 8.0479 ], [ -76.9609, 8.0369 ], [ -76.9701, 8.0329 ], [ -76.9837, 8.0322 ], [ -76.9899, 8.0293 ], [ -76.9936, 8.0249 ], [ -76.9971, 8.019 ], [ -77.0043, 7.9951 ], [ -77.0054, 7.9718 ], [ -77.0007, 7.9626 ], [ -77.0004, 7.9564 ], [ -77.0057, 7.9525 ], [ -77.0211, 7.9496 ], [ -77.0184, 7.9439 ], [ -77.0129, 7.9391 ], [ -77.0119, 7.9336 ], [ -77.0226, 7.9064 ], [ -77.0271, 7.8864 ], [ -77.0338, 7.8769 ], [ -77.0492, 7.8646 ], [ -77.0581, 7.8514 ], [ -77.0728, 7.8487 ], [ -77.0896, 7.8756 ], [ -77.0779, 7.8962 ], [ -77.0885, 7.9077 ], [ -77.0903, 7.9163 ], [ -77.0932, 7.9175 ], [ -77.096, 7.9216 ], [ -77.1094, 7.9268 ], [ -77.1109, 7.9212 ], [ -77.1127, 7.9214 ], [ -77.1141, 7.9179 ], [ -77.1185, 7.9218 ], [ -77.1252, 7.9234 ], [ -77.1288, 7.9265 ], [ -77.129, 7.9298 ], [ -77.1335, 7.9328 ], [ -77.1332, 7.9352 ], [ -77.1351, 7.9376 ], [ -77.1372, 7.9373 ], [ -77.1439, 7.9415 ], [ -77.1487, 7.9404 ], [ -77.1555, 7.9426 ], [ -77.1562, 7.9447 ], [ -77.1636, 7.9463 ], [ -77.1642, 7.9496 ], [ -77.1592, 7.9496 ], [ -77.1583, 7.9533 ], [ -77.1531, 7.9598 ], [ -77.1342, 7.9735 ], [ -77.1293, 7.9801 ], [ -77.1329, 7.9826 ], [ -77.1445, 7.985 ], [ -77.151, 7.994 ], [ -77.1541, 7.9964 ], [ -77.1563, 7.9952 ], [ -77.1588, 8.0007 ], [ -77.1643, 8.0036 ], [ -77.1641, 8.006 ], [ -77.167, 8.0047 ], [ -77.1685, 8.0072 ], [ -77.1773, 8.0089 ], [ -77.1786, 8.0113 ], [ -77.1844, 8.0135 ], [ -77.1863, 8.0115 ], [ -77.1916, 8.0199 ], [ -77.1906, 8.0221 ], [ -77.1922, 8.0261 ], [ -77.1908, 8.0278 ], [ -77.1973, 8.0411 ], [ -77.2014, 8.0418 ], [ -77.2082, 8.038 ], [ -77.2193, 8.0384 ], [ -77.2228, 8.0399 ], [ -77.2263, 8.0546 ], [ -77.218, 8.0883 ], [ -77.219, 8.0979 ], [ -77.2289, 8.1287 ], [ -77.2273, 8.1434 ], [ -77.2437, 8.1555 ], [ -77.246, 8.161 ], [ -77.2449, 8.1744 ], [ -77.2402, 8.1765 ], [ -77.2395, 8.181 ], [ -77.2446, 8.178 ], [ -77.2472, 8.1886 ], [ -77.2547, 8.2066 ], [ -77.2672, 8.2201 ], [ -77.2855, 8.226 ], [ -77.294, 8.2266 ], [ -77.2982, 8.2324 ], [ -77.2975, 8.2423 ], [ -77.3003, 8.2519 ], [ -77.3072, 8.2615 ], [ -77.3208, 8.2732 ], [ -77.3222, 8.2852 ], [ -77.3051, 8.2815 ], [ -77.2924, 8.2733 ], [ -77.2833, 8.2725 ], [ -77.276, 8.2751 ], [ -77.272, 8.2736 ], [ -77.2707, 8.2706 ], [ -77.2656, 8.2697 ], [ -77.2627, 8.272 ], [ -77.257, 8.2721 ], [ -77.2556, 8.27 ], [ -77.2504, 8.2724 ], [ -77.2471, 8.2704 ], [ -77.2425, 8.2747 ], [ -77.2405, 8.2742 ], [ -77.2323, 8.2849 ], [ -77.2304, 8.284 ], [ -77.2304, 8.2876 ], [ -77.2216, 8.2936 ], [ -77.2186, 8.2894 ], [ -77.2188, 8.2851 ], [ -77.2108, 8.2907 ], [ -77.2037, 8.2931 ], [ -77.1966, 8.2914 ], [ -77.1937, 8.2862 ], [ -77.1843, 8.2896 ], [ -77.1804, 8.2871 ], [ -77.1564, 8.2842 ], [ -77.156, 8.2886 ], [ -77.1493, 8.2995 ], [ -77.1433, 8.3033 ], [ -77.133, 8.3474 ], [ -77.1301, 8.3502 ], [ -77.1267, 8.3501 ], [ -77.1242, 8.349 ], [ -77.1223, 8.3438 ], [ -77.1084, 8.3291 ], [ -77.1056, 8.3286 ], [ -77.1044, 8.3244 ], [ -77.1, 8.3219 ], [ -77.0974, 8.3229 ], [ -77.097, 8.3107 ], [ -77.0954, 8.3081 ], [ -77.0943, 8.3095 ], [ -77.0934, 8.3065 ], [ -77.0917, 8.3075 ], [ -77.0892, 8.3064 ], [ -77.0815, 8.3109 ], [ -77.082, 8.3128 ], [ -77.0782, 8.3177 ], [ -77.0782, 8.3138 ], [ -77.0732, 8.3096 ], [ -77.0754, 8.3054 ], [ -77.0654, 8.2968 ], [ -77.0646, 8.2915 ], [ -77.0553, 8.2862 ], [ -77.0526, 8.2779 ], [ -77.0496, 8.2776 ], [ -77.0482, 8.2738 ], [ -77.044, 8.2718 ], [ -77.046, 8.2685 ], [ -77.0424, 8.2651 ], [ -77.0405, 8.2568 ], [ -77.0357, 8.2529 ], [ -77.0204, 8.2507 ], [ -77.0099, 8.251 ], [ -76.9832, 8.2565 ], [ -76.9812, 8.2551 ], [ -76.9824, 8.2532 ], [ -76.9804, 8.2443 ], [ -76.9799, 8.2534 ], [ -76.9792, 8.2508 ] ] ], [ [ [ -76.9801, 8.2543 ], [ -76.98, 8.254 ], [ -76.9801, 8.2546 ], [ -76.9801, 8.2543 ] ] ] ] } },
{ "type": "Feature", "properties": { "GID_2": "COL.13.31_2", "GID_0": "COL", "COUNTRY": "Colombia", "GID_1": "COL.13_2", "NAME_1": "Chocó", "NL_NAME_1": "NA", "NAME_2": "UniónPanamericana", "VARNAME_2": "NA", "NL_NAME_2": "NA", "TYPE_2": "Municipio", "ENGTYPE_2": "Municipality", "CC_2": "NA", "HASC_2": "CO.CH.UP", "ppt_mean": 7652.1627892679162, "rad_mean": 3.5167874741108869, "elev_mean": 106.13456712672522, "elev_max": 146.0, "pend_mean": 2.0852753210710104, "pot_kw_count": null, "pot_kw_sum": null, "pot_kw_mean": null, "salto_m_count": null, "salto_m_sum": null, "salto_m_mean": null, "DIS_AV_CMS_count": null, "DIS_AV_CMS_sum": null, "DIS_AV_CMS_mean": null, "nombre": "Unión Panamericana", "rios_pch": "Río San Pablo", "n_rios": 1, "pch_mw": 0.0, "vocacion": "PCH" }, "geometry": { "type": "MultiPolygon", "coordinates": [ [ [ [ -76.6615, 5.3598 ], [ -76.654, 5.3627 ], [ -76.651, 5.3598 ], [ -76.6528, 5.3564 ], [ -76.6506, 5.3534 ], [ -76.6317, 5.354 ], [ -76.6306, 5.3588 ], [ -76.6322, 5.3633 ], [ -76.6304, 5.3672 ], [ -76.6326, 5.3736 ], [ -76.6297, 5.3731 ], [ -76.6247, 5.3597 ], [ -76.6262, 5.3524 ], [ -76.6245, 5.3518 ], [ -76.6168, 5.3566 ], [ -76.6139, 5.3567 ], [ -76.6143, 5.3529 ], [ -76.613, 5.3498 ], [ -76.6116, 5.3503 ], [ -76.6124, 5.348 ], [ -76.6104, 5.3439 ], [ -76.6117, 5.3327 ], [ -76.6053, 5.3273 ], [ -76.6038, 5.3281 ], [ -76.6026, 5.3242 ], [ -76.6043, 5.3233 ], [ -76.6035, 5.3205 ], [ -76.6077, 5.3167 ], [ -76.609, 5.3122 ], [ -76.6048, 5.3032 ], [ -76.5964, 5.2988 ], [ -76.5929, 5.2949 ], [ -76.5929, 5.2812 ], [ -76.6015, 5.2689 ], [ -76.6141, 5.2574 ], [ -76.6119, 5.2474 ], [ -76.6056, 5.2441 ], [ -76.5989, 5.2429 ], [ -76.6027, 5.2322 ], [ -76.6006, 5.2232 ], [ -76.6123, 5.207 ], [ -76.626, 5.2166 ], [ -76.6357, 5.2113 ], [ -76.6403, 5.2067 ], [ -76.6429, 5.2082 ], [ -76.6453, 5.2053 ], [ -76.6496, 5.2066 ], [ -76.6532, 5.2098 ], [ -76.6656, 5.2064 ], [ -76.6687, 5.2133 ], [ -76.6662, 5.2172 ], [ -76.666, 5.2205 ], [ -76.6728, 5.225 ], [ -76.6745, 5.2289 ], [ -76.6737, 5.2324 ], [ -76.6781, 5.2385 ], [ -76.6752, 5.2384 ], [ -76.6514, 5.2716 ], [ -76.6555, 5.2694 ], [ -76.6587, 5.2698 ], [ -76.6607, 5.2767 ], [ -76.666, 5.278 ], [ -76.6667, 5.283 ], [ -76.6721, 5.2938 ], [ -76.678, 5.2934 ], [ -76.6794, 5.2939 ], [ -76.6788, 5.2962 ], [ -76.6904, 5.3004 ], [ -76.6912, 5.298 ], [ -76.6922, 5.2984 ], [ -76.6958, 5.3043 ], [ -76.7004, 5.3018 ], [ -76.6984, 5.3066 ], [ -76.6998, 5.3074 ], [ -76.7029, 5.3057 ], [ -76.7015, 5.3108 ], [ -76.7035, 5.3123 ], [ -76.7022, 5.3138 ], [ -76.706, 5.3144 ], [ -76.7039, 5.3171 ], [ -76.7151, 5.3221 ], [ -76.7148, 5.3239 ], [ -76.7183, 5.3233 ], [ -76.7227, 5.3265 ], [ -76.7235, 5.3258 ], [ -76.7215, 5.3241 ], [ -76.7262, 5.3255 ], [ -76.7244, 5.3296 ], [ -76.7135, 5.3349 ], [ -76.7084, 5.3314 ], [ -76.7028, 5.3346 ], [ -76.652, 5.3292 ], [ -76.6554, 5.3429 ], [ -76.657, 5.3443 ], [ -76.6568, 5.3477 ], [ -76.6607, 5.3477 ], [ -76.6628, 5.3498 ], [ -76.6613, 5.3529 ], [ -76.6643, 5.3549 ], [ -76.6642, 5.3588 ], [ -76.6615, 5.3598 ] ] ] ] } }
]
}
